-0.7352181077003478,-0.5716737508773804,0.032626911997795105
-0.3070410490036011,0.5332774519920349,-0.91113144159317
-0.3070431053638458,0.5332779884338379,-0.9111310839653016
-0.13491880893707275,0.917182207107544,1.9943816661834717
2.1811416149139404,-1.938498854637146,0.000992159591987729
-0.2244969755411148,-1.3240426778793335,2.3412232398986816
-0.5319401025772095,-1.5977734327316284,-0.9144681096076965
-0.9144666194915773,0.7757535576820372,1.594486117362976
-0.3070288300514221,0.5332779884338379,-0.9111350774765015
1.1375991106033323,-0.5813846588134766,-0.12780931591987607
1.089302659034729,-2.359323501586914,0.9753361344337464
-1.1250795125961304,-0.996481716632843,0.46325463056564326
-0.30704593658447266,0.533281147480011,-0.911129355430603
-0.30704575777053833,0.5332795977592468,-0.9111295938491821
-0.30702006816864014,0.5332816243171692,-0.9111355543136597
1.0893017053604124,-2.359318733215332,0.9753386378288269
1.249446392059326,-0.736688494682312,-0.5343834757804871
1.7621386051177979,-1.8112610578536987,0.627612829208374
-0.3070036768913269,0.5332960486412048,-0.911134362220764
-1.935742139816284,-1.613697528839111,-1.8630861043930051
-0.3070348799228668,0.5332785844802856,-0.9111327528953552
-1.9357434511184692,-1.6136947870254517,-1.8630849123001096
0.48781368136405945,1.0005265474319458,0.7009666562080383
-0.3070449233055115,0.5332788228988647,-0.9111288785934448
1.132392644882202,-0.9900369048118592,-0.1507282853126526
-0.7352057695388794,-0.5716978907585144,0.03264566883444786
-0.3070147633552551,0.5332766175270081,-0.9111382961273192
-0.8185734748840333,0.36120814085006714,1.740524411201477
-0.7352246642112731,-0.5716762542724609,0.03262479975819588
-0.3070434033870697,0.5332782864570618,-0.91113144159317
-0.3070385158061981,0.5332765579223633,-0.9111332297325134
-0.3070463240146637,0.533282458782196,-0.911129355430603
-0.2244836390018463,-1.3240386247634888,2.341235637664795
1.0892980098724363,-2.359313488006592,0.9753382205963135
-3.109855890274048,-2.6914141178131104,3.022670030593872
-0.3070436120033264,0.5332781672477722,-0.9111307263374328
1.3819330930709839,-4.104434967041016,0.9326391220092772
1.1323930025100708,-0.9900366067886353,-0.15072788298130035
-0.22448670864105225,-1.3240379095077515,2.341233015060425
-0.3070407509803772,0.5332779884338379,-0.9111315608024597
-0.735233187675476,-0.5716698169708252,0.03261638432741165
-0.9144685864448548,0.7757514119148254,1.594484567642212
1.2494465112686155,-0.7366883754730223,-0.5343832969665527
-1.1250478029251099,-0.9965131878852845,0.4632866680622101
1.7621034383773804,-1.8112716674804688,0.627608060836792
-1.935741662979126,-1.61369788646698,-1.8630867004394531
-0.8185798525810242,0.36121103167533875,1.7405189275741575
-0.9144684672355653,0.7757514715194702,1.594483494758606
-0.7352067828178407,-0.5716983675956726,0.03264637291431427
-0.8185763955116272,0.3612109124660492,1.740519881248474
1.089300274848938,-2.359328269958496,0.975335657596588
1.0893009901046753,-2.359320640563965,0.9753364920616149
-3.1098570823669434,-2.6914145946502686,3.0226695537567134
-0.30704444646835327,0.5332785844802856,-0.9111312031745911
-0.8185848593711853,0.36121323704719543,1.7405146360397339
-0.3070179522037506,0.5332743525505066,-0.9111388921737671
-0.307037889957428,0.5332770347595215,-0.9111320972442627
-0.7352241277694702,-0.5716701745986938,0.03261791169643402
1.4979608058929443,-0.794005274772644,-0.3159795105457306
-0.3067910373210907,0.5332319736480713,-0.91117924451828
-0.30702200531959534,0.5332848429679871,-0.9111346006393432
-0.531938374042511,-1.5977734327316284,-0.9144683480262756
-0.5319371819496155,-1.5977747440338135,-0.9144676923751832
-0.7352074980735779,-0.5716878175735474,0.03263569995760918
-2.3831217288970947,3.225649118423462,1.840572476387024
-3.109856128692627,-2.6914145946502686,3.0226695537567134
1.132392644882202,-0.9900370240211487,-0.1507282555103302
-1.125152587890625,-0.996403992176056,0.46317788958549494
-0.30704593658447266,0.5332775115966797,-0.9111292362213135
-0.914469301700592,0.7757521271705627,1.594484806060791
-0.3068154752254486,0.5333318114280701,-0.9111420512199402
-0.3070213496685028,0.5332808494567871,-0.9111368060112
-3.36379075050354,4.197336196899414,3.071864128112793
-0.3070231080055237,0.5332784652709961,-0.9111359119415284
-0.3070354461669922,0.5332743525505066,-0.9111343026161194
-0.3070189356803894,0.5332786440849304,-0.911137580871582
-0.3070358335971832,0.5332840085029602,-0.9111315608024597
-0.3070196807384491,0.5332809090614319,-0.9111369252204896
-0.7352288365364075,-0.5716660022735596,0.032614029943943024
-0.3070390522480011,0.5332821011543274,-0.9111310839653016
-0.30689334869384766,0.5333234667778015,-0.9111412167549133
1.4538633823394775,-0.5158599019050598,-0.6010579466819763
-0.7352353930473328,-0.571674644947052,0.03262050822377205
1.132392406463623,-0.9900371432304382,-0.1507284939289093
-0.30703499913215637,0.5332719087600708,-0.9111345410346986
0.6560284495353699,-0.9030422568321229,2.09121036529541
-0.7352198362350464,-0.5716781616210938,0.03262699767947197
1.4979608058929443,-0.7940053939819336,-0.3159792423248291
-2.3831212520599365,3.22564959526062,1.8405727148056032
1.0893023014068604,-2.359320878982544,0.9753390550613404
0.005783015862107277,-3.1121771335601807,0.367958128452301
1.0892990827560425,-2.359318971633911,0.9753375649452208
-0.3070472478866577,0.5332788228988647,-0.9111305475234984
-0.3070380389690399,0.5332775115966797,-0.9111319780349733
-0.3070302903652191,0.5332894921302795,-0.9111306667327882
-0.7351915836334229,-0.571702241897583,0.0326509065926075
1.2494466304779053,-0.7366885542869568,-0.5343831777572632
-0.3070119619369507,0.5332742929458618,-0.9111396670341493
1.762140154838562,-1.8112663030624387,0.6276199817657471
1.2494467496871948,-0.736688733100891,-0.534383237361908
1.132392406463623,-0.990036964416504,-0.1507284939289093
2.553097724914551,-1.282285451889038,-0.4039635360240936
-0.9144667387008667,0.7757536172866821,1.5944855213165283
-0.30703988671302795,0.5332782864570618,-0.9111316204071045
1.1323925256729124,-0.99003666639328,-0.1507282555103302
1.2494466304779053,-0.7366887927055359,-0.5343831181526184
1.2494462728500366,-0.7366881370544434,-0.5343837141990662
1.0892986059188843,-2.3593194484710693,0.9753365516662597
-0.30703291296958923,0.5332770943641663,-0.9111335277557373
-0.9144683480262756,0.775752067565918,1.594484567642212
-1.9357420206069944,-1.6136965751647947,-1.8630855083465576
-0.30701175332069397,0.5332810878753662,-0.9111382365226744
-0.7352074384689331,-0.5716915130615234,0.03263849765062332
-0.3070424497127533,0.5332784056663513,-0.9111313223838806
0.005775575526058674,-3.1121623516082764,0.3679597079753876
-0.30703243613243103,0.5332797765731812,-0.9111336469650269
-0.7352030873298645,-0.5716946125030518,0.032638780772686005
-0.30704277753829956,0.5332784056663513,-0.9111290574073792
-3.1098554134368896,-2.6914141178131104,3.0226707458496094
-0.818569242954254,0.361199289560318,1.7405303716659544
-0.3070281744003296,0.5332797765731812,-0.9111347794532778
-0.7352002263069152,-0.5716938972473145,0.032639723271131516
-0.7351973056793213,-0.5716983675956726,0.03264705091714859
1.0893000364303589,-2.3593199253082275,0.9753357172012328
-0.30697500705718994,0.5332843661308289,-0.9111459851264953
0.005781708750873804,-3.112168788909912,0.3679599463939666
-0.7351962924003601,-0.5717011094093323,0.03265102952718735
-0.30703291296958923,0.5332776308059692,-0.9111348390579224
-0.30700111389160156,0.5332760810852051,-0.9111433625221252
-0.3069922626018524,0.5332916378974915,-0.9111393094062805
-0.7352115511894226,-0.5716851353645325,0.03263232484459877
1.2494466304779053,-0.7366889715194702,-0.5343831777572632
-0.30695000290870667,0.5332827568054199,-0.9111504554748536
-0.7352057695388794,-0.5716902613639832,0.032636452466249466
-0.735203206539154,-0.5716904997825623,0.032640744000673294
-0.3070465624332428,0.5332785248756409,-0.9111302495002748
1.7621275186538696,-1.8112713098526,0.6276110410690308
-0.30704835057258606,0.533287525177002,-0.9111256599426268
1.7621455192565916,-1.8112655878067017,0.6276165246963501
1.132392406463623,-0.990036964416504,-0.15072864294052124
-0.914469003677368,0.7757513523101807,1.594483494758606
-0.9144683480262756,0.7757523655891417,1.5944843292236328
-0.7352032661437988,-0.5716909766197205,0.03264060243964195
-0.22448989748954773,-1.3240400552749632,2.341230869293213
-0.9144687056541443,0.7757515907287597,1.5944846868515015
-0.30704063177108765,0.5332809686660767,-0.911130964756012
-0.5319371223449707,-1.5977736711502075,-0.9144682288169861
-0.4010060429573059,0.6111064553260803,1.8240264654159544
1.132392644882202,-0.9900373220443724,-0.1507282853126526
-0.22448766231536865,-1.324041485786438,2.341230630874634
-0.3070277273654938,0.5332787036895752,-0.9111359119415284
-0.9144679307937622,0.7757525444030762,1.5944851636886597
-0.8185771703720093,0.36120924353599554,1.7405207157135008
-1.1251683235168457,-0.9963878393173216,0.4631600677967071
-0.7351977229118347,-0.5717003345489502,0.03264601528644562
-0.22449620068073273,-1.3240432739257812,2.341224670410156
1.0893008708953855,-2.3593173027038574,0.9753372073173523
-0.3070465922355652,0.5332779884338379,-0.9111298322677612
-0.7352130413055419,-0.5716812014579773,0.0326286256313324
1.4979610443115234,-0.7940046787261963,-0.31597936153411865
-0.7316666841506958,-1.9403715133666992,-0.6410260796546936
-0.7352175116539001,-0.5716809630393982,0.03262472525238991
3.1537985801696777,-0.6753303408622742,-0.11026480048894882
-0.5319356918334961,-1.5977749824523924,-0.914469599723816
-0.7352144122123718,-0.571679413318634,0.03262612968683243
-1.9357420206069944,-1.6136970520019531,-1.8630855083465576
-0.30703121423721313,0.5332783460617065,-0.9111338853836061
0.65602707862854,-0.903041124343872,2.0912115573883057
-0.7316684722900391,-1.9403647184371948,-0.6410266160964966
-0.22449322044849396,-1.3240432739257812,2.3412256240844727
-0.7352047562599182,-0.5716933012008667,0.03264334052801132
1.4979609251022339,-0.7940052151679992,-0.3159794211387634
-0.30699965357780457,0.5332881808280945,-0.9111396074295045
-0.9144688248634337,0.7757525444030762,1.59448504447937
-0.7352076172828673,-0.5716891288757324,0.03263761103153229
-0.9144675135612488,0.7757534384727478,1.594486117362976
1.5534199476242063,-0.7035481333732605,-0.42788600921630854
-0.7352080941200256,-0.5716919898986816,0.03263980522751808
0.6560298800468445,-0.9030474424362183,2.091216564178467
-0.3070296049118042,0.5332795977592468,-0.911134362220764
-2.3831210136413574,3.225649356842041,1.8405725955963137
-0.30704694986343384,0.5332828760147095,-0.9111278653144836
-0.5319385528564453,-1.5977730751037595,-0.9144683480262756
0.8558329939842224,-0.6385956406593323,-0.2971201539039612
1.7621395587921143,-1.8112726211547852,0.6276142001152039
-0.30699819326400757,0.533284068107605,-0.9111403822898864
1.0892771482467651,-0.7676750421524048,-0.4901105761528015
2.3365299701690674,-1.4306750297546387,0.47851622104644775
-0.7352002263069152,-0.5717006325721741,0.03265136107802391
-0.4010058939456939,0.6111061573028564,1.8240277767181396
-0.9144665598869325,0.7757534980773927,1.5944856405258179
-0.3070381581783294,0.5332804918289185,-0.9111322760581969
-0.1349235475063324,0.9171840548515322,1.9943785667419431
0.4878288507461548,1.0007545948028564,0.7009849548339844
1.308792233467102,-0.5730328559875488,1.88635778427124
-0.30704593658447266,0.5332778096199036,-0.9111294150352478
-0.30701377987861633,0.5332818031311035,-0.9131374020576477
-0.30703288316726685,0.5332843661308289,-0.911132514476776
-0.3070409595966339,0.533278226852417,-0.911131739616394
1.308817982673645,-0.5730257034301758,1.8863946199417112
-0.30702412128448486,0.5333045125007629,-0.9111262559890749
-0.3070453405380249,0.533277153968811,-0.9111300706863404
0.48781186342239374,1.0005258321762085,0.700965404510498
-0.30700916051864624,0.533279299736023,-0.9111397266387941
-0.30703219771385193,0.533277690410614,-0.9111340045928957
-0.3070432245731354,0.5332781672477722,-0.9111297130584717
-0.735223650932312,-0.571672260761261,0.03261948004364967
-0.30701377987861633,0.5342818031311035,-0.9111374020576477
-0.3070269227027893,0.5332801938056946,-0.9111350178718567
-0.3070458173751831,0.5332785844802856,-0.9111300110816957
-0.3068905174732208,0.5332868695259094,-0.911156415939331
-0.3068086504936218,0.5332949161529541,-0.9111590981483461
-0.30703824758529663,0.5332783460617065,-0.9111328125
-0.30703309178352356,0.5332790017127991,-0.9111337065696716
-0.30704379081726074,0.533283531665802,-0.9111288785934448
4.070441246032715,2.4860363006591797,1.6239534616470337
-0.7352215647697448,-0.5716757774353027,0.03262234851717949
-0.3070327937602997,0.5332801342010498,-0.9111333489418029
0.6953269243240356,-2.088013172149658,-1.6668905019760132
-0.30700674653053284,0.5332847833633423,-0.9111388325691224
0.6560335755348206,-0.9030500650405885,2.0911972522735596
0.6560314893722534,-0.9030428528785704,2.091214179992676
-0.30704542994499207,0.5332775712013245,-0.9111302495002748
-0.3070155084133148,0.5332844257354736,-0.9111368060112
-0.134914368391037,0.9171827435493469,1.994383692741394
-0.3730425536632538,0.7861430048942566,1.4793875217437744
-0.3070432245731354,0.5332782864570618,-0.9111305475234984
-0.13491976261138916,0.9171801805496218,1.9943817853927612
-0.30703985691070557,0.5332767963409424,-0.9111312031745911
-0.3070408701896667,0.533278226852417,-0.9111316800117493
-0.4010058045387268,0.6111078858375549,1.8240263462066648
-0.7352562546730042,-0.571655809879303,0.032603710889816284
-0.7352263331413269,-0.5716713666915894,0.03261985629796982
-0.7352002263069152,-0.5717006325721741,0.03265136107802391
1.9320024251937864,1.191651701927185,-0.540381908416748
1.1375991106033323,-0.5813840627670288,-0.1278095543384552
-0.30704599618911743,0.5332778096199036,-0.9111300110816957
-0.30700254440307617,0.5332789421081543,-0.9111406803131104
-3.3637912273406982,4.197336673736572,3.071864604949951
-0.134914368391037,0.9171827435493469,1.994383692741394
-0.3070389330387115,0.5332784652709961,-0.9111322760581969
-0.3070390522480011,0.5332815647125244,-0.9111301302909853
-0.3070465624332428,0.5332781672477722,-0.9111300110816957
-0.3730425536632538,0.7861430048942566,1.4793875217437744
-0.3070460557937622,0.5332789421081543,-0.9111297726631165
-0.5319399237632751,-1.5977727174758911,-0.9144672155380248
-0.30702415108680725,0.533271849155426,-0.9111397862434388
-1.9357428550720217,-1.613695740699768,-1.8630852699279783
-0.3069068491458893,0.5333063006401062,-0.9111475944519043
-0.30703821778297424,0.53327876329422,-0.911131739616394
-0.30703723430633545,0.5332873463630676,-0.9111285805702208
0.48781207203865046,1.000528573989868,0.7009653449058533
0.4878023564815522,1.0005083084106443,0.7009551525115967
-0.3070441782474518,0.533282458782196,-0.9111287593841552
7.980135440826416,1.3353536128997803,1.045767903327942
1.9319690465927124,1.1916072368621826,-0.5403615832328796
-0.3070468306541443,0.5332784056663513,-0.9111303687095642
-0.307041198015213,0.5332846641540527,-0.911128520965576
-0.3070235550403595,0.5332806706428528,-0.9111361503601073
-0.13492275774478912,0.9171825647354125,1.9943792819976809
-1.935742139816284,-1.6136980056762695,-1.8630858659744265
1.3087955713272095,-0.5730635523796082,1.8863958120346067
-0.30704644322395325,0.5332779884338379,-0.9111301302909853
-0.3070344626903534,0.5332775115966797,-0.9111337065696716
-0.3070090413093567,0.5332792401313782,-0.9111397266387941
-0.3070417642593384,0.5332784652709961,-0.9111318588256837
-0.735223650932312,-0.571672260761261,0.03261948004364967
-0.3070361912250519,0.5332745909690857,-0.9111341834068297
-0.30701377987861633,0.5332818031311035,-0.9111374020576477
-0.3070416450500488,0.5332769751548767,-0.9111312627792358
-0.3070409297943115,0.533277153968811,-0.9111312627792358
-0.3069254755973816,0.5332854986190796,-0.9111526608467102
-0.30703791975975037,0.5332756638526917,-0.9111332297325134
-0.30679163336753845,0.5332557559013367,-0.9111734628677368
0.6560283899307251,-0.9030421376228333,2.091212511062622
-0.3070400357246399,0.5332781076431274,-0.9111319184303285
-0.3730425536632538,0.7861430048942566,1.4793875217437744
-0.7352303862571716,-0.5716702938079834,0.03261800482869148
-0.7352043390274048,-0.5716912746429443,0.032639455050230026
-0.30684545636177063,0.5332494974136353,-0.9111713767051696
-0.3070394694805145,0.5332762002944946,-0.9111326336860656
-0.7352215647697448,-0.5716757774353027,0.03262234851717949
-0.5319396257400513,-1.5977758169174194,-0.9144678711891174
-0.134914368391037,0.9171827435493469,1.994383692741394
-0.30701377987861633,0.5332818031311035,-0.9111374020576477
4.070440769195557,2.4860363006591797,1.623953104019165
-0.30704373121261597,0.5332803726196289,-0.9111292958259583
-0.3070082366466522,0.5332881808280945,-0.911137282848358
-0.30701687932014465,0.5332810282707214,-0.9111369252204896
-0.3730437159538269,0.786142647266388,1.4793874025344849
-0.5319351553916931,-1.597773551940918,-0.9144684672355653
-0.30704665184020996,0.5332781076431274,-0.9111301302909853
-0.3070155084133148,0.5332844257354736,-0.9111368060112
-0.3070272207260132,0.5332830548286438,-0.9111339449882508
-0.7352085113525391,-0.5716844201087952,0.032629307359457016
-0.3070458173751831,0.5332776308059692,-0.9111298918724061
-0.30704319477081293,0.5332785248756409,-0.9111306071281432
-0.307046502828598,0.5332785844802856,-0.9111301302909853
-1.9357434511184692,-1.6136951446533203,-1.8630855083465576
-0.3070465922355652,0.5332783460617065,-0.9111300706863404
-0.3069959878921509,0.5332877039909363,-0.9111409187316895
1.1866207122802734,-0.25439900159835815,-0.557172954082489
-0.307026207447052,0.5332812070846558,-0.9111354947090149
-0.3070450723171234,0.5332786440849304,-0.9111304879188536
-0.7351982593536378,-0.5716951489448547,0.03264497220516205
-0.7352085113525391,-0.5716844201087952,0.032629307359457016
-0.3070454001426697,0.5332778692245483,-0.9111303091049193
-0.3070276081562042,0.5332819223403931,-0.911134362220764
-0.3070412874221802,0.5332769751548767,-0.9111328721046448
-0.7352092862129211,-0.5716834664344788,0.032628968358039856
-0.3070456087589264,0.5332790017127991,-0.9111298322677612
-0.30680158734321594,0.5333197712898254,-0.9111492633819581
-0.13491906225681305,0.9171808958053589,1.9943825006484983
-0.3069462180137634,0.5333049893379211,-0.9111433029174805
1.4256092309951782,-0.8005973100662231,-0.4292562901973724
-0.3730432987213134,0.786142647266388,1.4793869256973267
-0.7352215647697448,-0.5716757774353027,0.03262234851717949
-0.3070431053638458,0.5332773327827454,-0.9111299514770509
-0.3070337772369385,0.5332781076431274,-0.9111332893371582
-0.3070155084133148,0.5332844257354736,-0.9111368060112
-0.3070414364337921,0.5332791209220886,-0.9111320972442627
-0.37304335832595825,0.7861419916152954,1.479386568069458
-0.30704444646835327,0.5332781076431274,-0.9111297726631165
-0.40100857615470886,0.6111044883728027,1.8240252733230593
-0.3730440735816955,0.7861419320106505,1.479386329650879
-0.3070417642593384,0.5332797765731812,-0.9111304879188536
-0.3730425536632538,0.7861430048942566,1.4793875217437744
-0.7352002263069152,-0.5717006325721741,0.03265136107802391
-0.3170155084133148,0.5332844257354736,-0.9111368060112
-0.30701377987861633,0.5332818031311035,-0.9111374020576477
-0.30703917145729065,0.533278226852417,-0.91113144159317
-0.5319392085075378,-1.597774624824524,-0.9144686460494997
-0.3070431649684906,0.5332850217819214,-0.9111278057098389
-0.7352215647697448,-0.5716757774353027,0.03262234851717949
-0.30704319477081293,0.5332785248756409,-0.9111306071281432
-0.30704423785209656,0.5332779288291931,-0.911130428314209
-0.3070155084133148,0.5332844257354736,-0.9111368060112
-0.7352263331413269,-0.5716713666915894,0.03261985629796982
-0.7352215647697448,-0.5716757774353027,0.03262234851717949
-0.30703574419021606,0.5332791209220886,-0.9111320972442627
-0.3069888651371002,0.5332819223403931,-0.9111436605453492
-0.3070448338985443,0.5332798957824707,-0.9111303091049193
-0.3070466220378876,0.533278226852417,-0.9111300110816957
-1.9357419013977049,-1.613696813583374,-1.8630856275558472
-0.3070446848869324,0.5332775115966797,-0.9111301898956299
-0.3730425536632538,0.7861430048942566,1.4793875217437744
-0.6351998090744019,-0.5716923475265503,0.032644957304000854
-0.3070460557937622,0.5332781672477722,-0.9111301302909853
-0.3070408701896667,0.5332775115966797,-0.9111318588256837
-0.5319380164146423,-1.5977739095687866,-0.9144698977470397
-0.3069452941417694,0.5332950353622437,-0.9111476540565491
-0.30704694986343384,0.5332794189453125,-0.9111300706863404
1.1806917190551756,-0.6443114876747131,-0.0968041643500328
0.4878163039684296,1.0005221366882324,0.7009690403938293
-0.7352043390277048,-0.5716912746429443,0.032639455050230026
-0.30702826380729675,0.5332791805267334,-0.9111344814300536
0.4878299832344055,1.0005358457565308,0.7009839415550232
-0.3070155084133148,0.5332844257354736,-0.9111368060112
-0.4010065495967865,0.6111071705818176,1.8240258693695068
-0.3070429563522339,0.533280611038208,-0.9111295938491821
2.925335645675659,0.6801180839538574,-1.0532556772232056
0.48780396580696106,1.0007015466690063,0.7009595632553101
-0.40100631117820734,0.6111053228378296,1.8240288496017456
-0.735209047794342,-0.5716904401779175,0.03263895958662033
-1.12517249584198,-0.9963864088058472,0.46315827965736395
-0.30704593658447266,0.53327876329422,-0.9111305475234984
-0.30704548954963684,0.5332767367362976,-0.9111316800117493
-0.134914368391037,0.9171827435493469,1.994383692741394
-0.7352085113525391,-0.5716844201087952,0.032629307359457016
-0.30704033374786377,0.5332790017127991,-0.9111319184303285
-0.307046115398407,0.5332778096199036,-0.9111295938491821
-0.30704435706138605,0.5332780480384827,-0.9111300706863404
-0.3070310652256012,0.5332796573638916,-0.9111341238021852
-0.5319379568099976,-1.597773194313049,-0.9144652485847472
0.6560297608375549,-0.9030383229255676,2.0911872386932373
-0.7352181077003478,-0.5716791152954102,0.03262562304735184
1.5149812698364256,-0.8792140483856201,-0.6043936014175415
1.781978726387024,-0.6498979330062866,-0.35460108518600464
3.1538007259368896,-0.6753273606300354,-0.1102662831544876
2.3364787101745605,-1.430688500404358,0.4785138964653015
-0.5319404006004333,-1.5977741479873655,-0.9144676923751832
-0.7352223396301268,-0.5716772675514221,0.032623372972011566
-0.13491936028003693,0.9171823859214783,1.9943813085556032
1.26460599899292,-0.5126686692237854,-0.36262115836143494
-0.7352250814437865,-0.5716748237609863,0.03262805566191673
-0.30704596638679504,0.533277690410614,-0.9111292362213135
0.8558325171470642,-0.6385949850082397,-0.29712069034576416
-0.1349213570356369,0.917182445526123,1.9943816661834717
-1.9357446432113647,-1.6136956214904783,-1.8630841970443723
2.3365023136138916,-1.4306801557540891,0.47851306200027466
1.93786883354187,-0.4213364124298096,-0.5235817432403564
-1.9357435703277588,-1.6136958599090576,-1.8630849123001096
-0.7352361679077148,-0.5716565251350403,0.0326068215072155
-0.735234260559082,-0.5716615915298462,0.03260747715830803
1.9320011138916016,1.1916414499282837,-0.5403818488121033
-0.7352224588394165,-0.5716702938079834,0.032617803663015366
-0.30698081851005554,0.5332891345024109,-0.9111425876617432
1.781978964805603,-0.649898886680603,-0.35460028052330017
-0.7352264523506165,-0.57167649269104,0.03261997923254967
-0.7352100014686584,-0.5716882944107056,0.03263750299811363
-0.7352280020713806,-0.5716700553894043,0.03261573612689972
-0.3070410192012787,0.5332779288291931,-0.91113144159317
-0.4010069072246551,0.6111035346984863,1.8240275382995603
-0.13491828739643097,0.9171827435493469,1.994381546974182
1.781978726387024,-0.6498979926109314,-0.3546004593372345
1.7819783687591553,-0.6498977541923523,-0.3546011745929718
1.7819777727127075,-0.6498981714248657,-0.35460042953491205
-0.5319398045539856,-1.5977754592895508,-0.91446715593338
2.336491823196411,-1.4306843280792236,0.4785152077674866
-0.5319396257400513,-1.5977736711502075,-0.9144682884216309
-0.7352029085159303,-0.5716912150382996,0.03263925388455391
-0.3070453405380249,0.5342773327827454,-0.9111300110816957
1.4543222188949585,-0.4819605052471161,-0.17036072909832
-0.1349207907915115,0.9171869754791261,1.9943770170211792
1.4979608058929443,-0.7940051555633546,-0.3159794211387634
2.415005683898926,-0.14735835790634155,-2.223536252975464
1.1866205930709839,-0.25439947843551636,-0.5571730732917786
-0.7352191209793091,-0.5716882944107056,0.03263799473643303
-0.3070453405380249,0.5332773327827454,-0.9111300110816957
-0.3069404065608978,0.533292829990387,-0.9111483097076416
1.308793306350708,-0.5730327367782593,1.8863794803619385
-0.7351980209350586,-0.571700930595398,0.03264729678630829
1.308799386024475,-0.5730203986167908,1.8863793611526487
3.60770034790039,0.11948396265506744,-0.027436075732111927
2.3365070819854736,-1.430681586265564,0.4785129129886627
-0.3070453405380249,0.5332773327827454,-0.9111300110816957
-0.4010064899921418,0.611106276512146,1.824026107788086
1.1819121837615967,-1.118830680847168,-0.6494478583335876
1.781976580619812,-0.6498979330062866,-0.35460034012794495
-0.5319377183914185,-1.5977728366851807,-0.9144707322120668
-0.7352141737937926,-0.571677565574646,0.0326276458799839
2.415005683898926,-0.14735835790634155,-2.223536252975464
1.796020746231079,-2.0726959705352783,4.12568998336792
2.7759666442871094,-0.7567152380943297,-0.76535701751709
-0.8185833692550659,0.36121794581413275,1.7405142784118652
-0.9144679903984069,0.7757516503334044,1.5944842100143433
0.9615449905395509,-0.2137368470430374,-0.8082211613655089
-0.21676647663116455,3.0813918113708496,-0.7950752377510071
0.48781847953796387,1.0005292892456055,0.7009719610214233
-0.30704230070114136,0.53327876329422,-0.9111313223838806
1.781977891921997,-0.6498975157737732,-0.35460078716278076
1.3087817430496216,-0.5730020999908447,1.8863919973373413
-0.8185753226280212,0.36121076345443726,1.7405227422714231
-0.7352008819580078,-0.571694552898407,0.03264208137989044
1.3087953329086304,-0.5730388164520264,1.8864159584045408
1.6701451539993286,-0.5352495312690735,-0.46866911649703974
-0.8185763955116272,0.3612078130245209,1.7405227422714231
1.9320050477981567,1.1916391849517822,-0.5403833389282227
0.8558323383331299,-0.6385950446128845,-0.2971208393573761
0.4877901375293731,1.0005145072937012,0.7009427547454834
-0.3070315420627594,0.5332755446434021,-0.9111348986625672
0.005778842605650425,-3.112164258956909,0.36796107888221746
-0.3069712817668915,0.5333152413368225,-0.9111338853836061
1.3087947368621826,-0.5730141997337341,1.8863742351531985
1.309738516807556,-0.8942581415176392,-0.6987141966819763
-0.7352293729782104,-0.5716663002967834,0.032614726573228836
1.4979605674743652,-0.7940056920051575,-0.31597965955734253
0.48781833052635193,1.0005221366882324,0.7009718418121338
-0.7352094650268555,-0.5716829299926758,0.03262937813997269
-0.4010072350502014,0.6111048460006714,1.824027180671692
0.4878102242946625,1.0005594491958618,0.7009640336036682
0.4878169894218445,1.000524878501892,0.7009708881378174
2.3364973068237305,-1.4306814670562744,0.4785155355930328
-0.13491560518741608,0.9171827435493469,1.9943828582763672
-0.13492019474506378,0.9171841740608216,1.9943811893463137
1.9319890737533567,1.1916667222976685,-0.5403710007667542
-0.7352321743965149,-0.5716662406921387,0.032613370567560196
2.3365366458892822,-1.4306774139404297,0.47851806879043574
2.3465366458892825,-1.4306774139404297,0.47851806879043574
2.3365366458892822,-1.4306774139404297,0.47951806879043574
2.3865366458892825,-1.4306774139404297,0.47851806879043574
-0.7352361679077148,-0.5716565251350403,0.0326068215072155
0.4878179430961609,1.0005170106887815,0.7009709477424622
-0.7352027893066406,-0.5716904997825623,0.03263835236430168
0.4878068268299102,1.000538945198059,0.7009599208831787
1.781978726387024,-0.6498984694480896,-0.354600191116333
1.8233996629714964,-0.7560732960700989,-0.5108439326286316
1.781977891921997,-0.6498979926109314,-0.3545999526977539
-0.7352361679077148,-0.5716565251350403,0.0326068215072155
-0.30700814723968506,0.5332805514335632,-0.9111393690109253
-0.3070428073406219,0.5332785844802856,-0.9111310243606568
4.0127644538879395,0.6644071936607361,0.247366726398468
-0.7351973652839661,-0.5716984868049622,0.032644208520650864
2.3365366458892822,-1.4306774139404297,0.47851806879043574
-1.1251393556594849,-0.9964186549186708,0.4631910622119903
3.1538007259368896,-0.6753293871879578,-0.110262930393219
4.070441246032715,2.4860363006591797,1.6239534616470337
-0.735220432281494,-0.5716792345046997,0.032624825835227966
-0.4010069966316223,0.611106812953949,1.8240253925323489
-0.5319398045539856,-1.5977725982666016,-0.9144698977470397
2.33650803565979,-1.4306850433349607,0.47852033376693726
0.4878094792366028,1.0006589889526367,0.7009657025337219
-0.7351888418197632,-0.5717112421989441,0.032659806311130524
-0.7316654324531555,-1.9403709173202512,-0.6410269737243652
-0.4010067582130432,0.6111078262329102,1.8240257501602173
4.070441246032715,2.4860358238220215,1.6239537000656128
1.7819783687591553,-0.6498979926109314,-0.35460102558135986
-0.5319394469261169,-1.5977747440338135,-0.9144680500030516
-0.9144677519798279,0.7757535576820372,1.5944851636886597
-1.1250022649765015,-0.9965587258338928,0.4633314311504364
1.1806919574737549,-0.6443114876747131,-0.09680403023958206
1.9319976568222044,1.1916378736495972,-0.5403807163238525
0.6560218930244446,-0.9030374884605408,2.0912206172943115
-0.7352130413055419,-0.5716842412948608,0.03263165056705475
-0.878210186958313,4.076025485992432,-1.0526221990585327
1.781978130340576,-0.6498983502388,-0.3546005189418793
1.471521019935608,-1.045184016227722,-0.2538219392299652
-0.21676841378211975,3.0813894271850586,-0.7950777411460876
1.296082854270935,-0.8818352222442627,-0.08791013062000275
2.3365366458892822,-1.4316774139404296,0.47851806879043574
-3.524498224258423,-3.7257552146911626,3.480349540710449
0.487805038690567,1.000739336013794,0.700960636138916
1.1806923151016235,-0.6443113088607788,-0.09680391103029251
-0.7352142333984374,-0.5716834664344788,0.03263082355260849
1.3087904453277588,-0.5730407238006592,1.8863893747329712
0.6953254342079163,-2.0880141258239746,-1.666889190673828
-0.37304350733757013,0.7861420512199402,1.479386806488037
1.7819777727127075,-0.6498975157737732,-0.35460031032562256
1.9319880008697508,1.1916223764419556,-0.5403738021850586
1.3088260889053345,-0.573036789894104,1.8864006996154783
-0.4010058343410492,0.6111059784889221,1.8240278959274292
1.7819788455963135,-0.6498982906341553,-0.35460031032562256
-0.1349162459373474,0.9171799421310426,1.9943840503692625
-0.5319377183914185,-1.5977736711502075,-0.9144673943519592
1.3088127374649048,-0.5730468034744263,1.8864052295684817
-0.735210120677948,-0.571685254573822,0.032633375376462936
0.48781606554985046,1.0005303621292114,0.700969934463501
0.656038224697113,-0.9030479788780212,2.0912134647369385
-0.1349179893732071,0.9171815514564513,1.9943838119506836
-0.735203206539154,-0.57169508934021,0.032644402235746384
4.070441246032715,2.4860358238220215,1.623953938484192
1.0892770290374756,-0.7676749229431152,-0.49011075496673584
1.9378690719604492,-0.4213363826274872,-0.5235819220542908
0.48781663179397583,1.00071382522583,0.700972318649292
2.3365020751953125,-1.4306789636611938,0.4785160720348358
-0.8185780644416809,0.3612119257450104,1.7405200004577637
0.65601646900177,-0.9030431509017944,2.0911974906921382
-0.9144687056541443,0.7757524847984314,1.59448504447937
0.6953254342079163,-2.1880141258239743,-1.666889190673828
1.4979608058929443,-0.794005274772644,-0.3159796893596649
-0.3070410192012787,0.5332779288291931,-0.91113144159317
1.1866208314895628,-0.2543991208076477,-0.5571728348731995
-0.7352361679077148,-0.5716565251350403,0.0326068215072155
-0.7352420687675475,-0.571671724319458,0.03262326866388321
-0.13491986691951752,0.9171841144561768,1.994378685951233
-0.13491886854171753,0.9171817302703856,1.9943823814392088
0.48781764507293707,1.0005213022232056,0.7009743452072144
1.7819782495498655,-0.6498979926109314,-0.35460042953491205
1.3087927103042603,-0.5730392932891846,1.8863930702209473
-0.7352320551872252,-0.5716668963432312,0.03261444345116615
1.3088041543960571,-0.573024332523346,1.8863773345947263
-0.3070410192012787,0.5332779288291931,-0.91113144159317
-0.7352056503295897,-0.5716886520385742,0.03264003247022629
0.6953254342079163,-2.0880141258239746,-1.666889190673828
-0.7352111339569091,-0.5716837048530579,0.03262890875339508
1.7960251569747925,-2.0726871490478516,4.125698089599609
-0.1349198818206787,0.9171841144561768,1.9943809509277344
-0.1349189281463623,0.9171851873397828,1.994378924369812
-0.7351977825164795,-0.5717006921768188,0.032645683735609055
-0.3070441782474518,0.533277690410614,-0.911130428314209
-1.124934196472168,-0.9966318011283876,0.4634054899215698
-0.13492053747177124,0.9171873927116394,1.9943776130676267
-1.935742139816284,-1.6136966943740845,-1.8630852699279783
1.3087949752807615,-0.5730165243148804,1.8863698244094849
-0.735214352607727,-0.5716829299926758,0.032628610730171204
-0.306962788105011,0.533296525478363,-0.9111438393592836
2.814692974090576,-0.1764339655637741,-0.2424626052379608
-0.5319373607635498,-1.5977756977081299,-0.9144663214683533
-0.7352161407470702,-0.5716831684112549,0.03262834623456001
-0.3070420324802398,0.5332773327827454,-0.9111311435699463
-0.8185786604881287,0.36121171712875366,1.7405197620391843
3.3637523651123047,1.0052803754806519,-1.83136785030365
1.931971788406372,1.191614270210266,-0.540365993976593
-0.30704325437545776,0.5332783460617065,-0.9111310839653016
-1.1249986886978147,-0.9965653419494629,0.46333935856819153
0.48781764507293707,1.0005213022232056,0.7009743452072144
-0.30704402923583984,0.5332785844802856,-0.9111310839653016
0.4878036379814148,1.0005444288253784,0.7009575963020325
-0.7316657900810242,-1.940371870994568,-0.6410248875617981
-0.373043030500412,0.7861427664756775,1.479387283325195
-0.7352101802825928,-0.5716829299926758,0.0326307937502861
-0.30703842639923096,0.5332802534103394,-0.9111319184303285
-0.7352024912834167,-0.5716935992240906,0.03264341503381729
-0.37304368615150446,0.7861424684524536,1.479386806488037
-0.7352240681648254,-0.5716721415519714,0.03261752426624298
-3.1098554134368896,-2.6914141178131104,3.0226707458496094
-0.8185755610466003,0.36120718717575073,1.7405234575271606
1.4710257053375244,-0.6328652501106262,-0.5027635097503662
-0.7352383136749268,-0.5716648697853088,0.0326140858232975
2.415008783340454,-0.1473585069179535,-2.223534345626831
1.1375986337661743,-0.5813839435577393,-0.12780986726284027
-0.7352303266525269,-0.5716680288314819,0.03261350467801094
-0.3070460259914398,0.5332782864570618,-0.9111298322677612
-0.7352144718170166,-0.5716806054115295,0.03263119235634804
-0.3070433437824249,0.5332780480384827,-0.9111309051513674
-0.21676920354366305,3.0813896656036377,-0.7950776815414429
0.48781764507293707,1.0005213022232056,0.7009743452072144
-0.7352361679077148,-0.571658730506897,0.032601453363895416
1.308789849281311,-0.5729998350143433,1.8864032030105593
-0.7352353930473328,-0.5716623067855835,0.03260926529765129
-1.1251542568206787,-0.9964022636413574,0.46317484974861145
-0.7352277040481568,-0.5716675519943237,0.032612551003694534
-0.7352290153503418,-0.5716637969017029,0.032612208276987076
-0.30703988671302795,0.5332806706428528,-0.91113144159317
1.3088022470474243,-0.5730324983596802,1.8863972425460815
1.6443443298339844,-0.5843603610992432,-0.503017246723175
-0.7352094650268555,-0.5716926455497742,0.03264351189136505
-0.13492198288440704,0.9171830415725709,1.994379997253418
-0.9144682884216309,0.7757517695426941,1.5944843292236328
0.4878167510032654,1.0007838010787964,0.7009740471839905
-0.13491998612880707,0.9171832203865052,1.994381070137024
-0.7352060675621032,-0.5716894268989563,0.03263743594288826
-0.3070380389690399,0.5332774519920349,-0.9111327528953552
1.3087950944900513,-0.5730375051498413,1.8863946199417112
-0.37304332852363586,0.7861427068710326,1.4793874025344849
-0.5319390296936035,-1.597772479057312,-0.9144705533981324
-0.13491839170455933,0.917182445526123,1.9943822622299192
-0.7352343201637267,-0.571662962436676,0.03260846063494682
0.48781764507293707,1.0005213022232056,0.7009743452072144
-1.1251479387283323,-0.9964088201522828,0.4631821811199188
-0.3070354759693146,0.5332784652709961,-0.9111327528953552
-0.3070419728755951,0.5332814455032349,-0.9111307859420776
-1.9357441663742063,-1.6136951446533203,-1.8630837202072144
-0.3068333864212036,0.5332882404327393,-0.9111611247062685
-0.3070192337036133,0.5332822799682617,-0.9111356735229493
-0.735212504863739,-0.5716866850852966,0.032634004950523376
1.1866209506988523,-0.25439900159835815,-0.5571727156639099
-0.13492281734943387,0.917183816432953,1.9943792819976809
-0.3070346713066101,0.5332832336425781,-0.9111317992210389
-0.30704617500305176,0.5332781672477722,-0.9111298322677612
-0.7352381944656371,-0.5716589093208313,0.0326082743704319
-0.9144688844680786,0.775751233100891,1.5944832563400269
4.070440769195557,2.486037015914917,1.6239526271820068
-0.13492338359355927,0.9171841740608216,1.9943785667419431
1.3088141679763792,-0.5730254650115967,1.8864024877548216
-0.40100762248039246,0.6111063957214355,1.824024438858032
-0.7352145314216615,-0.5716848969459534,0.03263441473245621
1.3088098764419556,-0.5730220079421997,1.8864036798477173
1.50807523727417,-0.517757773399353,-0.1717037856578827
1.3087931871414185,-0.5730351805686951,1.886417269706726
2.415008783340454,-0.1473585069179535,-2.223534345626831
1.6701449155807495,-0.5352493524551392,-0.46866929531097407
-0.40100526809692383,0.6111075282096863,1.8240277767181396
2.814692974090576,-0.1764342486858368,-0.24246303737163544
-0.5319360494613647,-1.5977756977081299,-0.9144647717475893
4.070440769195557,2.486037015914917,1.6239526271820068
0.4878064393997192,1.0005123615264893,0.7009591460227966
-0.7352209687232971,-0.57167649269104,0.032623566687107086
-0.7352369427680969,-0.5716693997383118,0.03262009471654892
1.9319902658462524,1.191622257232666,-0.5403749942779541
-0.3070457875728607,0.5332776308059692,-0.9111291766166688
-0.818576455116272,0.3612117767333984,1.7405213117599487
3.153801918029785,-0.675329864025116,-0.11026324331760406
-0.7352182865142822,-0.5716791749000549,0.03262587636709213
-0.13491633534431455,0.9171836376190184,1.9943814277648924
0.48781764507293707,1.0005213022232056,0.7009743452072144
2.3365116119384766,-1.4306758642196655,0.4785147309303283
-0.5319375395774841,-1.5977743864059448,-0.914469003677368
-0.30703628063201904,0.5332764387130737,-0.9111333489418029
-0.3070117235183716,0.5332634449005127,-0.9111450314521788
0.48781764507293707,1.0005213022232056,0.7009743452072144
2.415008783340454,-0.1473585069179535,-2.223534345626831
4.415008783340454,-0.1473585069179535,-2.223534345626831
1.1323927640914917,-0.990036964416504,-0.15072833001613617
-0.30702298879623413,0.5332817435264587,-0.9111357331275941
-0.7352201342582703,-0.5716778039932251,0.03262316435575485
-0.7316699624061584,-1.9403666257858276,-0.6410251259803772
-0.3070407509803772,0.5332788228988647,-0.91113144159317
1.7621489763259888,-1.811267971992493,0.6276158094406128
3.153798341751098,-0.6753308176994324,-0.11026348173618317
4.070440769195557,2.4860358238220215,1.623953342437744
1.9378687143325803,-0.4213363528251648,-0.523581862449646
4.070441246032715,2.4860360622406006,1.6239535808563232
-0.306962788105011,0.533296525478363,-0.9111438393592836
-0.7352297902107239,-0.5716670751571655,0.03261569142341614
1.1375988721847534,-0.5813842415809631,-0.12780968844890594
-0.30704465508461,0.5332780480384827,-0.9111306667327882
-0.7352308034896852,-0.571668267250061,0.03261369466781616
0.48781764507293707,1.0005213022232056,0.7009743452072144
1.308793067932129,-0.573033332824707,1.8863649368286133
1.4443229436874387,-0.685758650302887,-0.5323346853256226
-0.7352068424224852,-0.5716843605041504,0.03263276442885399
-0.3069854974746704,0.5332878232002258,-0.9111419916152954
4.070440769195557,2.486037015914917,1.6239526271820068
-0.21676810085773468,3.081389904022217,-0.7950775027275084
-0.7352162599563599,-0.5716801285743713,0.03262624889612198
4.070440769195557,2.4860358238220215,1.6239535808563232
1.3087918758392332,-0.573004424571991,1.886405110359192
-0.3070453703403473,0.5332775712013245,-0.9111302495002748
0.8954285979270934,-0.7402561902999878,-0.2457155883312225
0.487813264131546,1.0005207061767578,0.700966477394104
-0.3069595992565155,0.5332784056663513,-0.9111506938934326
-0.7352105379104614,-0.5716859102249146,0.032633066177368164
1.7464810609817505,-0.5361018776893616,-0.44694045186042786
0.48781764507293707,1.0005213022232056,0.7009743452072144
4.070440769195557,2.486037015914917,1.6239526271820068
-0.3730431199073791,0.786142349243164,1.4793869256973267
-0.3070402443408966,0.5332869291305542,-0.9111282229423523
-1.1250783205032349,-0.9964810013771056,0.4632528424263
1.3088036775588987,-0.5730037689208984,1.8863946199417112
-0.5319402813911438,-1.5977747440338135,-0.9144688248634337
0.4878152310848236,1.0005384683609009,0.7009687423706055
1.3087965250015259,-0.573049008846283,1.8863946199417112
-0.7352233529090881,-0.5716714262962341,0.03261757269501686
1.9319928884506223,1.1916393041610716,-0.5403761267662048
1.9320042133331297,1.1916399002075195,-0.5403823256492615
-0.7352033853530883,-0.5716941356658936,0.03264303132891655
0.4878140687942505,1.0006545782089231,0.7009689211845398
1.868053078651428,-0.9638110399246218,-0.8120511770248413
-0.3070378303527832,0.5332791805267334,-0.9111322760581969
0.48781764507293707,1.0005213022232056,0.7009743452072144
1.796017289161682,-2.07269287109375,4.125690937042236
4.070440769195557,2.486037015914917,1.6239526271820068
-0.30704420804977417,0.533278226852417,-0.9111301898956299
-0.5319408178329468,-1.5977727174758911,-0.9144700765609741
-0.30704429745674133,0.5332775115966797,-0.9111302495002748
-0.30704453587532043,0.5332779884338379,-0.9111306071281432
-0.3730437159538269,0.7861427664756775,1.4793875217437744
1.3088040351867676,-0.5730257034301758,1.8863940238952637
-0.3070453703403473,0.5332778692245483,-0.9111295938491821
-0.7352339029312135,-0.571666955947876,0.032615166157484055
-0.3070346713066101,0.5332794189453125,-0.9111324548721312
3.153801202774048,-0.6753273606300354,-0.1102652922272682
1.7819783687591553,-0.6498985290527344,-0.3546006381511688
-0.3070455491542816,0.5332780480384827,-0.9111300706863404
-0.307046115398407,0.5332785844802856,-0.9111296534538269
1.308791160583496,-0.5730279088020325,1.8863935470581057
1.4948784112930296,-0.39050146937370306,-0.44267973303794866
1.7819780111312866,-0.6498983502388,-0.35459980368614197
-0.7352157831192015,-0.5716767907142639,0.03262581303715706
-0.3070414662361145,0.5332784056663513,-0.911130428314209
-0.5319376587867737,-1.5977739095687866,-0.9144657850265503
-0.3070411682128906,0.5332778096199036,-0.9111306667327882
-0.5319361686706543,-1.5977754592895508,-0.9144683480262756
-0.7352213263511658,-0.5716748833656311,0.03262152895331383
1.1822172403335571,-0.4617901146411896,-1.0761563777923584
-0.3070111572742462,0.5332826972007751,-0.9111382961273192
1.308795690536499,-0.5730322599411011,1.8863964080810545
1.249446153640747,-0.7366882562637329,-0.5343835353851318
-0.3070255517959595,0.5332810878753662,-0.911135196685791
0.48780983686447144,1.000521183013916,0.7009639143943787
1.9378695487976072,-0.42133694887161255,-0.5235823392868042
1.510550618171692,-0.6547833681106567,-0.4927610158920288
-0.21676479279994965,3.081393003463745,-0.7950736880302429
-0.40100735425949097,0.6111046075820923,1.8240269422531128
-0.735231339931488,-0.571661651134491,0.032609723508358
0.48781764507293707,1.0005213022232056,0.7009743452072144
-0.30704638361930847,0.5332781672477722,-0.911130428314209
1.5953075885772705,-0.3986013233661651,-0.7383427023887633
-0.3070356547832489,0.5332791209220886,-0.9111332893371582
-0.30703622102737427,0.5332807302474976,-0.9111315608024597
-0.3070002794265747,0.5332761406898499,-0.911142647266388
-0.3730437159538269,0.7861422896385194,1.4793866872787476
-0.8185784220695496,0.3612077832221985,1.7405207157135008
-0.30704522132873535,0.5332774519920349,-0.9111306071281432
1.9319976568222044,1.191640257835388,-0.5403881072998047
-0.30704453587532043,0.5332775712013245,-0.9111299514770509
-0.7352128624916077,-0.5716826319694519,0.032628804445266724
-0.30704107880592346,0.5332781672477722,-0.9111313819885253
-0.7352216243743896,-0.5716763734817505,0.0326225608587265
-0.4010052978992462,0.6111083030700684,1.8240272998809817
-0.7362100610733032,-0.5716954469680786,0.03264627233147621
-0.7352123856544495,-0.5716824531555176,0.03262869268655777
-0.7352086305618286,-0.5716867446899414,0.032637547701597214
-0.30703452229499817,0.5332781672477722,-0.9111336469650269
-0.30704107881592346,0.5332781972477723,-0.9111313829885253
-0.3070322573184967,0.5332803726196289,-0.9111338853836061
-0.3069763779640198,0.5332987308502197,-0.9111400246620177
-0.30704355239868164,0.5332766175270081,-0.9111309051513674
-0.30702802538871765,0.5332772135734558,-0.9111350774765015
-0.307044118642807,0.5332781076431274,-0.9111313819885253
-2.3831212520599365,3.225649356842041,1.8405722379684448
-0.30703502893447876,0.5332766175270081,-0.9111340641975403
-0.7362086305618286,-0.5716867446899414,0.032637547701597214
-0.3070269525051117,0.5332803130149841,-0.9111350774765015
-0.30704107880592346,0.5332781672477722,-0.9111313819885253
-0.3070446252822876,0.5332781672477722,-0.9111301898956299
-0.30696457624435425,0.5332875847816467,-0.9111459851264953
-0.30702897906303406,0.5332870483398438,-0.9111315011978148
-0.7352132797241211,-0.5716797113418579,0.032626256346702576
-0.7352362871170043,-0.5716615319252014,0.032607827335596085
-0.3070331811904907,0.5332809686660767,-0.9111321568489075
1.3088001012802124,-0.5730239748954773,1.8863942623138428
-0.3070434629917145,0.533277690410614,-0.9111313223838806
-0.30704718828201294,0.533281683921814,-0.9111279249191285
-0.30704665184020996,0.5332785248756409,-0.9111306071281432
-0.3070463538169861,0.5332784056663513,-0.9111300706863404
-0.40100628137588495,0.6111088395118713,1.8240270614624023
-0.37304410338401794,0.786142349243164,1.4793870449066162
-0.7352320551872252,-0.5716623067855835,0.032609064131975174
-0.735229730606079,-0.571664035320282,0.03261015564203262
-0.30704787373542786,0.5332826972007751,-0.9111282229423523
-0.7352100610733032,-0.5716954469680786,0.03264627233147621
-0.307039350271225,0.5332782864570618,-0.911132037639618
-0.7351991534233093,-0.5716974139213562,0.032641321420669556
-0.30704548954963684,0.5332776308059692,-0.911129355430603
-0.30704259872436523,0.5332802534103394,-0.9111302495002748
-0.30704107880592346,0.5332781672477722,-0.9111313819885253
-0.7352128624916077,-0.5716826319694519,0.032628804445266724
-0.30704519152641296,0.5332781672477722,-0.9111299514770509
-0.3070010788059234,0.5332681672477743,-0.9111313819885253
-0.3070005774497986,0.533283531665802,-0.9111397862434388
-0.30699867010116577,0.53328937292099,-0.9111396670341493
-0.7352331280708314,-0.5716615319252014,0.032608069479465485
-0.3070344924926758,0.5332852602005005,-0.9111305475234984
-0.9144686460494997,0.7757519483566285,1.5944843292236328
1.3958009481430051,-0.3309282064437866,-0.753221869468689
-0.7352128624916077,-0.5716828319694519,0.032628804445266724
-0.30693650245666504,0.5332722067832947,-0.9111555814743042
-0.7352086305618286,-0.5716867446899414,0.032637547701597214
-0.30704623460769653,0.5332805514335632,-0.9111292958259583
-0.9144682884216309,0.7757525444030762,1.5944851636886597
0.6560235023498535,-0.9030442237854005,2.0912201404571533
-0.7352128624916077,-0.5716826319694519,0.032628804445266724
-0.30704787373542786,0.5332826972007751,-0.9111282229423523
0.29737627506256104,-1.5215952396392822,-1.1133302450180051
-0.3070264160633087,0.5332826375961304,-0.9111341238021852
-0.30702492594718933,0.5332818627357483,-0.9111346006393432
-0.30704593658447266,0.5332778692245483,-0.9111302495002748
-4.775660991668701,-1.2306362390518188,-4.277238845825195
0.8249856233596802,-2.4071431159973145,4.10136079788208
-0.7351979017257689,-0.5717007517814636,0.03264586627483368
-0.7352128624916077,-0.5716826319694519,0.032628804445266724
-2.3831207752227783,3.225649356842041,1.8405728340148924
-0.7352017164230347,-0.5716950297355652,0.03264262154698372
-0.7351981401443481,-0.5717030763626099,0.032650429755449295
-0.3068666756153106,0.5332798361778259,-0.9111621975898743
-0.3070437014102936,0.533278226852417,-0.9111300706863404
-0.30703791975975037,0.5332787036895752,-0.911132574081421
-0.7352164983749389,-0.5716800093650818,0.03262616693973541
-0.914467453956604,0.7757524847984314,1.594484806060791
-0.735223650932312,-0.5716730952262878,0.03261733055114746
-0.30700284242630005,0.5332885980606079,-0.9111378192901612
-0.7352337837219238,-0.5716632604598999,0.03261081129312515
-1.9357433319091797,-1.6136958599090576,-1.863083839416504
-0.9144687652587892,0.7757514715194702,1.5944833755493164
0.6560272574424744,-0.9030463695526125,2.0911946296691895
-0.7352052330970765,-0.5716918706893921,0.03263751417398453
-0.3070327937602997,0.5332793593406677,-0.9111340641975403
-0.7351991534233093,-0.5716974139213562,0.032641321420669556
-0.30701711773872375,0.5332817435264587,-0.9111371636390686
-1.9357435703277588,-1.613696813583374,-1.8630845546722412
-0.30704355239868164,0.5332872271377808,-0.9111281633377076
-0.3070446252822876,0.5332787036895752,-0.9111306071281432
-0.7352213859558105,-0.5716826319694519,0.03263406455516815
3.3413093090057373,-0.2791849374771118,-0.38371142745018005
-0.37304362654685974,0.7861425876617432,1.4793869256973267
-0.7352128624916077,-0.5716826319694519,0.032628804445266724
-0.3070463538169861,0.5332784056663513,-0.9111300706863404
-0.7352128624916077,-0.5716826319694519,0.032628804445266724
-0.7352128624916077,-0.5716826319694519,0.03263880444526673
-0.30704355239868164,0.5332872271537781,-0.9111281633377076
-0.3070463538169861,0.5332784056663513,-0.9111300706863404
-0.3070463538169861,0.5332784056663513,-0.9111300706863404
-0.30696287751197815,0.5332889556884766,-0.9111467599868774
-0.3070308268070221,0.5332790613174438,-0.9111345410346986
-0.30704107880592346,0.5332781672477722,-0.9111313819885253
-0.30704355239868164,0.533297227153778,-0.9111281633377076
-0.7352128624916077,-0.571692631969452,0.032628804445266724
-0.7352128624916077,-0.5716826319694519,0.032628804445266724
-0.7352167963981628,-0.5716774463653564,0.03262299299240112
-1.9357422590255735,-1.613696813583374,-1.8630852699279783
-0.3069579303264618,0.5333321690559387,-0.9111278057098389
-0.30704787373542786,0.5332826972007751,-0.9111282229423523
-0.30704134702682495,0.5332760214805603,-0.9111320972442627
-0.30702143907546997,0.5332754850387573,-0.9111378192901612
-0.3070431649684906,0.5332776308059692,-0.9111302495002748
7.980136394500732,1.335354208946228,1.0457669496536255
-0.7352102398872375,-0.571686327457428,0.032632406800985336
-0.7352098226547241,-0.5716888308525085,0.03263619542121887
-0.30693161487579346,0.5332739353179932,-0.9111557006835936
-0.7352585792541504,-0.5716489553451538,0.03259776532649994
-0.7352100610733032,-0.5716954469680786,0.03264627233147621
-0.30704107880592646,0.5332781772477723,-0.9111313319885253
-0.30704089999198914,0.533277153968811,-0.9111321568489075
-0.735204815864563,-0.5716928839683533,0.032638296484947205
-0.7352248430252075,-0.5716742277145386,0.032623324543237686
-0.3730437457561493,0.7861422896385194,1.479386806488037
-0.7351982593536378,-0.5716990828514099,0.03264715149998665
-1.9357417821884155,-1.6136969327926636,-1.8630863428115845
-0.7352100610733032,-0.5716954469680786,0.03264627233147621
-0.4010046124458313,0.6111084818840027,1.8240294456481931
-0.735215425491333,-0.5716829299926758,0.032629434019327164
-0.30704107880592346,0.5332781672477722,-0.9111313819885253
-0.7351906299591064,-0.5717087984085083,0.032656967639923096
1.9319941997528076,1.1916338205337524,-0.5403783917427063
-0.3070453107357025,0.5332778096199036,-0.9111303091049193
-0.30704355239868164,0.5332872271537781,-0.9111281633377076
0.6560304760932922,-0.9030428528785704,2.09121036529541
-0.7351991534233093,-0.5716974139213562,0.032641321420669556
-0.3070394992828369,0.5332778096199036,-0.9111310243606568
-0.307045042514801,0.533279538154602,-0.9111294746398925
-1.9357438087463377,-1.6136965751647947,-1.8630845546722412
-0.30704671144485474,0.5332784652709961,-0.9111299514770509
-0.9144697189331055,0.7757508158683776,1.5944836139678955
-0.9144667983055115,0.7757534980773927,1.5944852828979492
-0.3070463538169861,0.5332784056663513,-0.9111300706863404
-0.7352100610733032,-0.5716954469680786,0.03264627233147621
-0.3070409297943115,0.5332774519920349,-0.9111317992210389
-0.3070456087589264,0.5332783460617065,-0.9111292958259583
-0.3070445656776428,0.5332781076431274,-0.9111307859420776
-0.30704501271247864,0.5332794189453125,-0.9111300706863404
-0.3070189356803894,0.5332785844802856,-0.9111374616622925
-0.7352223396301268,-0.571675717830658,0.03262345492839813
-0.30685412883758545,0.5332965850830078,-0.9111564755439758
-0.3070289194583893,0.5332793593406677,-0.9111350774765015
-0.7352308630943297,-0.5716642141342163,0.032608844339847565
-0.7352086305618286,-0.5716867446899414,0.032637547701597214
-0.3070436418056488,0.533278226852417,-0.9111308455467224
-0.3070422112941742,0.5332761406898499,-0.9111313223838806
-0.3070463538169861,0.5332784056663513,-0.9111300706863404
-0.30700814723968506,0.5332821607589722,-0.9111400246620177
-0.3070443272590637,0.5332788228988647,-0.9111301302909853
-0.30704355239868164,0.5332872271537781,-0.9111281633377076
-0.7352084517478943,-0.5716886520385742,0.03263545781373978
-0.30693694949150085,0.5332987308502197,-0.9111457467079164
0.48782637715339666,1.0005340576171875,0.7009801268577576
-0.30704355239868164,0.5332872271537781,-0.9111281633377076
-0.7352128624916077,-0.5716826319694519,0.032628804445266724
-0.7352112531661987,-0.571685254573822,0.03263320028781891
-0.7352086305618286,-0.5716867446899414,0.032637547701597214
-0.30704355239868164,0.5332872271537781,-0.9111281633377076
-0.30704620480537415,0.5332798957824707,-0.9111294746398925
-0.3070454001426697,0.5332781076431274,-0.9111290574073792
-0.30704787373542786,0.5332826972007751,-0.9111282229423523
1.3088089227676392,-0.5730409622192383,1.8863991498947144
-0.3070431649684906,0.5332798957824707,-0.9111294150352478
-0.30704465508461,0.5332815647125244,-0.911129117012024
-0.3070327639579773,0.5332884788513184,-0.9111307263374328
-0.3070032000541687,0.533277690410614,-0.9111412763595581
-0.7352100610733032,-0.5716954469680786,0.03264627233147621
-0.7352365255355835,-0.5716565251350403,0.0326060876250267
-0.3070397973060608,0.5332801342010498,-0.911131739616394
-0.3070419132709503,0.5332794785499573,-0.9111310839653016
-0.30704301595687866,0.533278226852417,-0.9111299514770509
-0.30704241991043085,0.5332798957824707,-0.9111312031745911
-0.7352156043052673,-0.5716761350631714,0.032625529915094376
-0.373043030500412,0.7861430644989015,1.4793875217437744
-0.30699318647384644,0.5332820415496826,-0.9111427068710328
-0.3069833815097809,0.5332861542701721,-0.9111436009407045
-0.7352257370948792,-0.5716679692268372,0.03261576220393181
-0.3070358633995056,0.5332791209220886,-0.9111332893371582
-0.30704355239868164,0.533297227153778,-0.9111281633377076
1.1822165250778198,-0.46178957819938654,-1.0761561393737793
-0.7352263331413269,-0.5716689229011536,0.03261749446392059
-0.9144668579101564,0.7757535576820372,1.5944855213165283
-0.3069838583469391,0.5333083868026733,-0.9111344218254088
1.4979608058929443,-0.7940046787261963,-0.31597962975502014
-0.7352250814437865,-0.5716691613197327,0.032617371529340744
-0.3070155382156372,0.533280611038208,-0.9111391305923461
-0.307043969631195,0.5332788228988647,-0.9111310839653016
-0.3070368468761444,0.5332788825035095,-0.9111328721046448
-0.9144682288169861,0.7757521867752075,1.5944846868515015
-0.3070463240146637,0.5332794189453125,-0.9111295342445372
-0.3070083558559418,0.5332842469215393,-0.9111379981040956
-0.3070456087589264,0.5332785844802856,-0.9111294150352478
-0.735218048095703,-0.5716847777366638,0.03263536095619202
1.4979608058929443,-0.7940046787261963,-0.31597962975502014
-0.307043969631195,0.5332788228988647,-0.9111310839653016
-0.7352099418640136,-0.5716862082481384,0.03263150900602341
-0.3070330321788788,0.5332782864570618,-0.9111331105232239
-0.30699896812438965,0.5332818031311035,-0.9111424088478088
0.6560289263725281,-0.9030486345291135,2.09119176864624
0.656026303768158,-0.9030459523200989,2.0911779403686523
-0.30703896284103394,0.5332783460617065,-0.9111316800117493
-0.30699875950813293,0.5332863330841064,-0.9111400842666626
1.4979608058929443,-0.7940046787261963,-0.31597962975502014
-0.3070441782474518,0.533279538154602,-0.9111300706863404
-0.3070460259914398,0.5332838296890259,-0.9111272692680359
-0.7352331280708314,-0.5716716051101685,0.032619789242744446
-0.735237419605255,-0.5716584324836731,0.032606933265924454
1.4147979021072388,-1.889020919799805,-1.1553151607513428
-0.3070412874221802,0.533277153968811,-0.9111301898956299
-0.3070368468761444,0.5332788825035095,-0.9111328721046448
-0.3070463538169861,0.5332785844802856,-0.9111303091049193
-0.5319371223449707,-1.5977742671966553,-0.9144665598869325
-0.9144672751426696,0.7757529020309448,1.5944859981536863
-0.13491563498973846,0.9171799421310426,1.994384527206421
-0.3070354163646698,0.5332910418510437,-0.9111282229423523
-0.3070213198661804,0.5332790613174438,-0.9111372232437133
0.6560328006744385,-0.903043031692505,2.091209173202514
-0.3070407807826996,0.5332787036895752,-0.9111319184303285
-0.3070412874221802,0.533277153968811,-0.9111301898956299
-0.30701443552970886,0.5332800149917603,-0.9111387133598328
-0.5319382548332214,-1.5977730751037595,-0.9144686460494997
-0.7352198362350464,-0.5716760754585266,0.03262410685420036
-0.3070247173309326,0.5333021283149719,-0.9111259579658508
-0.5319381952285767,-1.5977729558944702,-0.9144684672355653
-0.9144677519798279,0.7757534980773927,1.5944858789443968
-0.3070213198661804,0.5332773923873901,-0.911137282848358
-0.3070142865180969,0.5332804322242737,-0.9111384749412536
-0.3070437014102936,0.5332806706428528,-0.9111297130584717
-0.3070169687271118,0.5332846641540527,-0.9111371636390686
0.6560289263725281,-0.9030404686927797,2.0912168025970455
-0.307045042514801,0.5332774519920349,-0.9111312031745911
-0.3070056736469269,0.5332958698272705,-0.9111345410346986
-0.30702584981918335,0.5332792401313782,-0.9111356139183044
-0.3070427477359772,0.5332777500152588,-0.9111306667327882
-0.3070419132709503,0.5332775115966797,-0.9111311435699463
-0.7352213859558105,-0.5716763734817505,0.032625265419483185
1.4979608058929443,-0.7940046787261963,-0.31597962975502014
-0.3070320188999176,0.5332836508750916,-0.911132514476776
-0.3070412874221802,0.533277153968811,-0.9111301898956299
-0.2167695909738541,3.081388473510742,-0.7950783371925354
-0.7352064847946166,-0.5716863870620728,0.032635241746902466
-0.7352338433265686,-0.5716668963432312,0.032615531235933304
1.4979608058929443,-0.7940046787261963,-0.31597962975502014
-0.3070400655269623,0.5332778692245483,-0.9111323356628418
-0.3070466816425323,0.5332887768745422,-0.91112619638443
-0.30701199173927307,0.5332801938056946,-0.9111388921737671
-0.30704405903816223,0.5332782864570618,-0.9111296534538269
-0.30704155564308167,0.5332770943641663,-0.91113144159317
1.4979608058929443,-0.7940046787261963,-0.31597962975502014
-0.30704033374786377,0.5332788825035095,-0.911131739616394
-0.307014524936676,0.5332828164100647,-0.9111368060112
-0.7352225184440613,-0.5716748237609863,0.03262323513627052
-0.3070412874221802,0.533277153968811,-0.9111301898956299
-0.30704575777053833,0.5332780480384827,-0.911130964756012
1.932000994682312,1.19163978099823,-0.5403868556022644
-0.7351990938186644,-0.5716995000839233,0.03264567628502846
-0.3070354163646698,0.5332910418510437,-0.9111282229423523
1.3958014249801636,-0.3309275507926941,-0.7532214522361755
-0.30702656507492065,0.5332746505737305,-0.911137282848358
1.932000994682312,1.19163978099823,-0.5403868556022644
-0.306810200214386,0.5333787798881531,-0.9111104011535645
-0.3070361018180847,0.5332790613174438,-0.9111329913139344
-0.7352323532104493,-0.5716697573661804,0.03261703625321388
1.9378694295883176,-0.4213372468948364,-0.5235825181007385
-0.3070368468761444,0.5332788825035095,-0.9111328721046448
-0.3070354163646698,0.5332910418510437,-0.9111282229423523
-0.3070412874221802,0.533277153968811,-0.9111301898956299
-0.3070252537727356,0.533279299736023,-0.9111355543136597
2.9253365993499756,0.6801211833953857,-1.0532525777816772
-0.3070466816425323,0.5332887768745422,-0.91112619638443
-0.3070457875728607,0.5332775115966797,-0.911129355430603
-0.3069729208946228,0.5332735180854797,-0.9111492037773132
-0.3070448338985443,0.533278226852417,-0.9111305475234984
1.2518978118896484,-0.3297952115535736,-0.8399324417114258
-0.3070412874221802,0.533277153968811,-0.9111301898956299
-0.7352202534675598,-0.5716748833656311,0.03261866047978401
-0.3069895207881927,0.5332822203636169,-0.9111436605453492
1.4979608058929443,-0.7940046787261963,-0.31597962975502014
-0.3070405423641205,0.533279299736023,-0.9111307859420776
2.7759850025177,-0.7567081451416016,-0.7653632164001466
-0.30696558952331543,0.533286452293396,-0.911146402359009
-0.3070354163646698,0.5332910418510437,-0.9111282229423523
-0.307046502828598,0.5332813858985901,-0.9111279249191285
1.932000994682312,1.19163978099823,-0.5403868556022644
-0.3070395886898041,0.533275842666626,-0.9111335277557373
-0.30697208642959595,0.5332832336425781,-0.9111466407775879
-0.7352198362350464,-0.5716838836669922,0.0326346829533577
1.932000994682312,1.19163978099823,-0.5403868556022644
-0.3070463240146637,0.5332779288291931,-0.9111295938491821
1.3958011865615845,-0.3309279680252075,-0.7532218098640442
-0.3069818615913391,0.5332847237586975,-0.9111441969871522
-0.3070072531700134,0.5332815051078796,-0.9111407995224
1.4979608058929443,-0.7940046787261963,-0.31597962975502014
-0.3069895207881927,0.5332822203636169,-0.9111436605453492
-0.7352068424224852,-0.5716845393180847,0.03263340890407562
-0.30704423785209656,0.5332779288291931,-0.911130428314209
-0.7352186441421509,-0.5716753005981445,0.03262288495898247
-0.3070183992385864,0.53327876329422,-0.911137282848358
-0.30704596638679504,0.5332782864570618,-0.9111296534538269
-0.3070446252822876,0.5332779288291931,-0.9111294150352478
1.2259337902069092,-0.43028178811073303,-0.18466502428054807
-0.3070455491542816,0.5332779288291931,-0.9111297130584717
-0.7352112531661987,-0.5716871619224548,0.03263579681515694
-0.7352204918861389,-0.5716865658760071,0.03263586014509201
-0.3070458769798279,0.5332783460617065,-0.9111302495002748
-0.307028204202652,0.5332789421081543,-0.9111351370811462
1.4979608058929443,-0.7940046787261963,-0.31597962975502014
-0.30704399943351746,0.5332786440849304,-0.91113144159317
-0.3070363998413086,0.5332785248756409,-0.9111324548721312
-0.3070412874221802,0.533277153968811,-0.9111301898956299
1.4386919736862183,-1.5640680789947508,-1.3135217428207395
-0.3730439841747284,0.7861418128013611,1.4793864488601685
-0.7352055907249451,-0.5716875791549683,0.03263534605503082
-0.3069895207881927,0.5332822203636169,-0.9111436605453492
-0.30704519152641296,0.5332787036895752,-0.911130428314209
1.4979608058929443,-0.7940046787261963,-0.31597962975502014
-0.30702781677246094,0.533282995223999,-0.9111335873603821
-0.307043969631195,0.5332788228988647,-0.9111310839653016
-0.30701687932014465,0.5332779884338379,-0.9111387133598328
-0.7351866364479066,-0.5717061758041382,0.03265795856714249
-0.3070397973060608,0.5332778692245483,-0.9111312627792358
-0.3070124685764313,0.533287525177002,-0.9111366868019104
1.4343609809875488,-0.37072628736495966,-1.042249321937561
1.1866205930709839,-0.2543990910053253,-0.557172954082489
1.4979608058929443,-0.7940046787261963,-0.31597962975502014
-0.4010060429573059,0.6111068725585938,1.824027180671692
-0.30704066157341003,0.5332821607589722,-0.9111307859420776
-0.3070405125617981,0.5332775712013245,-0.9111321568489075
-0.30697399377822876,0.5332501530647278,-0.9111564755439758
-0.5319347381591797,-1.5977755784988403,-0.9144683480262756
-0.3070458173751831,0.5332782864570618,-0.911129355430603
-0.3070354163646698,0.5332910418510437,-0.9111282229423523
-0.3070279359817505,0.5332797765731812,-0.9111350774765015
-0.3070412874221802,0.533277153968811,-0.9111301898956299
-0.3069253861904144,0.533290445804596,-0.91115140914917
-0.3069895207881927,0.5332822203636169,-0.9111436605453492
1.4979608058929443,-0.7940046787261963,-0.31597962975502014
-0.3070376515388489,0.5332805514335632,-0.9111316204071045
-0.3070222735404968,0.5332741141319275,-0.9111380577087401
-0.307017982006073,0.5332854390144348,-0.9111359715461731
-0.7352126240730285,-0.5716850161552429,0.032631922513246536
-0.30704522132873535,0.5332785248756409,-0.9111299514770509
-0.30704048275947565,0.5332779288291931,-0.9111312627792358
1.932007074356079,1.1916427612304688,-0.5403905510902405
-0.3070339560508728,0.5332825183868408,-0.9111326336860656
-0.30701467394828796,0.5332816243171692,-0.9111378788948061
-0.4010052978992462,0.6111080050468445,1.824027180671692
-0.30703940987586975,0.5332819819450378,-0.9111312627792358
-3.3637912273406982,4.1973371505737305,3.071864604949951
-0.7352257370948792,-0.5716736912727356,0.032622065395116806
-0.30703291296958923,0.533278226852417,-0.9111337065696716
1.4979608058929443,-0.7940046787261963,-0.31597962975502014
-0.30704325437545776,0.5332784056663513,-0.9111307263374328
-0.3070392906665802,0.5332803726196289,-0.9111311435699463
-0.3070412874221802,0.533277153968811,-0.9111301898956299
-0.7352229952812195,-0.5716707706451416,0.03261706978082657
-0.30704319477081293,0.533280074596405,-0.911130428314209
-1.9357420206069944,-1.6136971712112427,-1.8630857467651367
1.4979608058929443,-0.7940046787261963,-0.31597962975502014
-0.3069895207881927,0.5332822203636169,-0.9111436605453492
-0.7352129220962524,-0.5716850161552429,0.03263343125581741
-0.30704519152641296,0.5332779288291931,-0.9111301302909853
-0.3070383071899414,0.5332782864570618,-0.9111328125
-0.735235333442688,-0.5716609358787537,0.032604511827230453
-0.3070368468761444,0.5332788825035095,-0.9111328721046448
-0.30703940987586975,0.5332819819450378,-0.9111312627792358
-0.3070354163646698,0.5332910418510437,-0.9111282229423523
-0.7352145314216615,-0.5716804265975952,0.032628826797008514
-0.3069895207881927,0.5332822203636169,-0.9111436605453492
-0.5319392085075378,-1.597773194313049,-0.9144682288169861
-0.7352128624916077,-0.571682870388031,0.03262830525636673
-0.3070381581783294,0.5332796573638916,-0.9111309051513674
-0.3070412874221802,0.533277153968811,-0.9111301898956299
-1.9357428550720217,-1.6136959791183472,-1.863084316253662
