-7.352181077003479004e-01,-5.716737508773803711e-01,3.262691199779510498e-02
-3.070410490036010742e-01,5.332774519920349121e-01,-9.111314415931701660e-01
-3.070431053638458252e-01,5.332779884338378906e-01,-9.111310839653015137e-01
-9.144688248634338379e-01,7.757525444030761719e-01,1.594485044479370117e+00
6.560284495353698730e-01,-9.030422568321228027e-01,2.091210365295410156e+00
-2.244969755411148071e-01,-1.324042677879333496e+00,2.341223239898681641e+00
-5.319401025772094727e-01,-1.597773432731628418e+00,-9.144681096076965332e-01
-9.144666194915771484e-01,7.757535576820373535e-01,1.594486117362976074e+00
-3.070288300514221191e-01,5.332779884338378906e-01,-9.111350774765014648e-01
1.137599110603332520e+00,-5.813846588134765625e-01,-1.278093159198760986e-01
1.089302659034729004e+00,-2.359323501586914062e+00,9.753361344337463379e-01
-1.125079512596130371e+00,-9.964817166328430176e-01,4.632546305656433105e-01
-3.070459365844726562e-01,5.332811474800109863e-01,-9.111293554306030273e-01
-3.070457577705383301e-01,5.332795977592468262e-01,-9.111295938491821289e-01
-3.070200681686401367e-01,5.332816243171691895e-01,-9.111355543136596680e-01
1.089301705360412598e+00,-2.359318733215332031e+00,9.753386378288269043e-01
1.249446392059326172e+00,-7.366884946823120117e-01,-5.343834757804870605e-01
1.762140154838562012e+00,-1.811266303062438965e+00,6.276199817657470703e-01
-3.070036768913269043e-01,5.332960486412048340e-01,-9.111343622207641602e-01
-7.352080941200256348e-01,-5.716919898986816406e-01,3.263980522751808167e-02
-3.070348799228668213e-01,5.332785844802856445e-01,-9.111327528953552246e-01
-1.935742020606994629e+00,-1.613696575164794922e+00,-1.863085508346557617e+00
4.878136813640594482e-01,1.000526547431945801e+00,7.009666562080383301e-01
-3.070449233055114746e-01,5.332788228988647461e-01,-9.111288785934448242e-01
1.132392644882202148e+00,-9.900369048118591309e-01,-1.507282853126525879e-01
-7.352057695388793945e-01,-5.716978907585144043e-01,3.264566883444786072e-02
-3.070147633552551270e-01,5.332766175270080566e-01,-9.111382961273193359e-01
-8.185734748840332031e-01,3.612081408500671387e-01,1.740524411201477051e+00
-7.352246642112731934e-01,-5.716762542724609375e-01,3.262479975819587708e-02
-3.070434033870697021e-01,5.332782864570617676e-01,-9.111314415931701660e-01
-3.070385158061981201e-01,5.332765579223632812e-01,-9.111332297325134277e-01
-3.070463240146636963e-01,5.332824587821960449e-01,-9.111293554306030273e-01
1.497960925102233887e+00,-7.940052151679992676e-01,-3.159794211387634277e-01
1.089298009872436523e+00,-2.359313488006591797e+00,9.753382205963134766e-01
-1.935741662979125977e+00,-1.613697886466979980e+00,-1.863086700439453125e+00
-3.070436120033264160e-01,5.332781672477722168e-01,-9.111307263374328613e-01
1.381933093070983887e+00,-4.104434967041015625e+00,9.326391220092773438e-01
-2.244898974895477295e-01,-1.324040055274963379e+00,2.341230869293212891e+00
1.497961044311523438e+00,-7.940046787261962891e-01,-3.159793615341186523e-01
-3.070407509803771973e-01,5.332779884338378906e-01,-9.111315608024597168e-01
-7.352331876754760742e-01,-5.716698169708251953e-01,3.261638432741165161e-02
-9.144685864448547363e-01,7.757514119148254395e-01,1.594484567642211914e+00
1.249446511268615723e+00,-7.366883754730224609e-01,-5.343832969665527344e-01
-1.125047802925109863e+00,-9.965131878852844238e-01,4.632866680622100830e-01
1.089277148246765137e+00,-7.676750421524047852e-01,-4.901105761528015137e-01
-3.070189356803894043e-01,5.332786440849304199e-01,-9.111375808715820312e-01
-8.185798525810241699e-01,3.612110316753387451e-01,1.740518927574157715e+00
-9.144684672355651855e-01,7.757514715194702148e-01,1.594483494758605957e+00
-7.352067828178405762e-01,-5.716983675956726074e-01,3.264637291431427002e-02
-8.185763955116271973e-01,3.612109124660491943e-01,1.740519881248474121e+00
1.762103438377380371e+00,-1.811271667480468750e+00,6.276080608367919922e-01
1.089300990104675293e+00,-2.359320640563964844e+00,9.753364920616149902e-01
-1.935743451118469238e+00,-1.613694787025451660e+00,-1.863084912300109863e+00
-3.109855413436889648e+00,-2.691414117813110352e+00,3.022670745849609375e+00
-8.185848593711853027e-01,3.612132370471954346e-01,1.740514636039733887e+00
-3.070179522037506104e-01,5.332743525505065918e-01,-9.111388921737670898e-01
-3.109856128692626953e+00,-2.691414594650268555e+00,3.022669553756713867e+00
-7.352241277694702148e-01,-5.716701745986938477e-01,3.261791169643402100e-02
-2.244867086410522461e-01,-1.324037909507751465e+00,2.341233015060424805e+00
-3.067910373210906982e-01,5.332319736480712891e-01,-9.111792445182800293e-01
-3.070220053195953369e-01,5.332848429679870605e-01,-9.111346006393432617e-01
-5.319383740425109863e-01,-1.597773432731628418e+00,-9.144683480262756348e-01
-5.319371819496154785e-01,-1.597774744033813477e+00,-9.144676923751831055e-01
-7.352074980735778809e-01,-5.716878175735473633e-01,3.263569995760917664e-02
-2.383121728897094727e+00,3.225649118423461914e+00,1.840572476387023926e+00
-1.935742139816284180e+00,-1.613697528839111328e+00,-1.863086104393005371e+00
1.132392644882202148e+00,-9.900370240211486816e-01,-1.507282555103302002e-01
-1.125152587890625000e+00,-9.964039921760559082e-01,4.631778895854949951e-01
-3.070459365844726562e-01,5.332775115966796875e-01,-9.111292362213134766e-01
-1.349188089370727539e-01,9.171822071075439453e-01,1.994381666183471680e+00
-3.068154752254486084e-01,5.333318114280700684e-01,-9.111420512199401855e-01
-3.070213496685028076e-01,5.332808494567871094e-01,-9.111368060111999512e-01
-3.363790750503540039e+00,4.197336196899414062e+00,3.071864128112792969e+00
-3.070231080055236816e-01,5.332784652709960938e-01,-9.111359119415283203e-01
-3.070354461669921875e-01,5.332743525505065918e-01,-9.111343026161193848e-01
-3.109855890274047852e+00,-2.691414117813110352e+00,3.022670030593872070e+00
-3.070358335971832275e-01,5.332840085029602051e-01,-9.111315608024597168e-01
-3.070196807384490967e-01,5.332809090614318848e-01,-9.111369252204895020e-01
-7.352288365364074707e-01,-5.716660022735595703e-01,3.261402994394302368e-02
-3.070390522480010986e-01,5.332821011543273926e-01,-9.111310839653015137e-01
-3.068933486938476562e-01,5.333234667778015137e-01,-9.111412167549133301e-01
1.453863382339477539e+00,-5.158599019050598145e-01,-6.010579466819763184e-01
-7.352353930473327637e-01,-5.716746449470520020e-01,3.262050822377204895e-02
1.132392406463623047e+00,-9.900371432304382324e-01,-1.507284939289093018e-01
-3.070349991321563721e-01,5.332719087600708008e-01,-9.111345410346984863e-01
2.553097724914550781e+00,-1.282285451889038086e+00,-4.039635360240936279e-01
-7.352198362350463867e-01,-5.716781616210937500e-01,3.262699767947196960e-02
-2.244836390018463135e-01,-1.324038624763488770e+00,2.341235637664794922e+00
-2.383121252059936523e+00,3.225649595260620117e+00,1.840572714805603027e+00
1.089302301406860352e+00,-2.359320878982543945e+00,9.753390550613403320e-01
5.783015862107276917e-03,-3.112177133560180664e+00,3.679581284523010254e-01
1.089299082756042480e+00,-2.359318971633911133e+00,9.753375649452209473e-01
-3.070472478866577148e-01,5.332788228988647461e-01,-9.111305475234985352e-01
-3.070380389690399170e-01,5.332775115966796875e-01,-9.111319780349731445e-01
-3.070302903652191162e-01,5.332894921302795410e-01,-9.111306667327880859e-01
-7.351915836334228516e-01,-5.717022418975830078e-01,3.265090659260749817e-02
1.249446630477905273e+00,-7.366885542869567871e-01,-5.343831777572631836e-01
-3.070119619369506836e-01,5.332742929458618164e-01,-9.111396670341491699e-01
1.762127518653869629e+00,-1.811271309852600098e+00,6.276110410690307617e-01
1.249446749687194824e+00,-7.366887331008911133e-01,-5.343832373619079590e-01
1.132392406463623047e+00,-9.900369644165039062e-01,-1.507284939289093018e-01
6.560270786285400391e-01,-9.030411243438720703e-01,2.091211557388305664e+00
-9.144667387008666992e-01,7.757536172866821289e-01,1.594485521316528320e+00
-3.070398867130279541e-01,5.332782864570617676e-01,-9.111316204071044922e-01
1.132392525672912598e+00,-9.900366663932800293e-01,-1.507282555103302002e-01
1.249446630477905273e+00,-7.366887927055358887e-01,-5.343831181526184082e-01
1.249446272850036621e+00,-7.366881370544433594e-01,-5.343837141990661621e-01
1.762139558792114258e+00,-1.811272621154785156e+00,6.276142001152038574e-01
-3.070329129695892334e-01,5.332770943641662598e-01,-9.111335277557373047e-01
-9.144683480262756348e-01,7.757520675659179688e-01,1.594484567642211914e+00
-9.144683480262756348e-01,7.757523655891418457e-01,1.594484329223632812e+00
-3.070117533206939697e-01,5.332810878753662109e-01,-9.111382365226745605e-01
-7.352074384689331055e-01,-5.716915130615234375e-01,3.263849765062332153e-02
-3.070424497127532959e-01,5.332784056663513184e-01,-9.111313223838806152e-01
5.775575526058673859e-03,-3.112162351608276367e+00,3.679597079753875732e-01
-3.070324361324310303e-01,5.332797765731811523e-01,-9.111336469650268555e-01
-7.352030873298645020e-01,-5.716946125030517578e-01,3.263878077268600464e-02
-3.070427775382995605e-01,5.332784056663513184e-01,-9.111290574073791504e-01
-1.935742020606994629e+00,-1.613697052001953125e+00,-1.863085508346557617e+00
-8.185692429542541504e-01,3.611992895603179932e-01,1.740530371665954590e+00
-3.070281744003295898e-01,5.332797765731811523e-01,-9.111347794532775879e-01
-7.352002263069152832e-01,-5.716938972473144531e-01,3.263972327113151550e-02
-7.351973056793212891e-01,-5.716983675956726074e-01,3.264705091714859009e-02
1.089300036430358887e+00,-2.359319925308227539e+00,9.753357172012329102e-01
-3.069750070571899414e-01,5.332843661308288574e-01,-9.111459851264953613e-01
5.781708750873804092e-03,-3.112168788909912109e+00,3.679599463939666748e-01
-7.351962924003601074e-01,-5.717011094093322754e-01,3.265102952718734741e-02
-3.070329129695892334e-01,5.332776308059692383e-01,-9.111348390579223633e-01
-3.070011138916015625e-01,5.332760810852050781e-01,-9.111433625221252441e-01
-3.069922626018524170e-01,5.332916378974914551e-01,-9.111393094062805176e-01
-7.352115511894226074e-01,-5.716851353645324707e-01,3.263232484459877014e-02
1.249446630477905273e+00,-7.366889715194702148e-01,-5.343831777572631836e-01
-3.069500029087066650e-01,5.332827568054199219e-01,-9.111504554748535156e-01
-7.352057695388793945e-01,-5.716902613639831543e-01,3.263645246624946594e-02
-7.352032065391540527e-01,-5.716904997825622559e-01,3.264074400067329407e-02
-3.070465624332427979e-01,5.332785248756408691e-01,-9.111302495002746582e-01
1.089300274848937988e+00,-2.359328269958496094e+00,9.753356575965881348e-01
-3.070483505725860596e-01,5.332875251770019531e-01,-9.111256599426269531e-01
1.762138605117797852e+00,-1.811261057853698730e+00,6.276128292083740234e-01
1.132392406463623047e+00,-9.900369644165039062e-01,-1.507286429405212402e-01
-9.144690036773681641e-01,7.757513523101806641e-01,1.594483494758605957e+00
-3.109857082366943359e+00,-2.691414594650268555e+00,3.022669553756713867e+00
-7.352032661437988281e-01,-5.716909766197204590e-01,3.264060243964195251e-02
1.132393002510070801e+00,-9.900366067886352539e-01,-1.507278829813003540e-01
-9.144687056541442871e-01,7.757515907287597656e-01,1.594484686851501465e+00
-3.070406317710876465e-01,5.332809686660766602e-01,-9.111309647560119629e-01
-5.319371223449707031e-01,-1.597773671150207520e+00,-9.144682288169860840e-01
-4.010060429573059082e-01,6.111064553260803223e-01,1.824026465415954590e+00
1.132392644882202148e+00,-9.900373220443725586e-01,-1.507282853126525879e-01
1.497960805892944336e+00,-7.940052747726440430e-01,-3.159795105457305908e-01
-3.070277273654937744e-01,5.332787036895751953e-01,-9.111359119415283203e-01
-9.144679307937622070e-01,7.757525444030761719e-01,1.594485163688659668e+00
-8.185771703720092773e-01,3.612092435359954834e-01,1.740520715713500977e+00
-1.125168323516845703e+00,-9.963878393173217773e-01,4.631600677967071533e-01
-7.351977229118347168e-01,-5.717003345489501953e-01,3.264601528644561768e-02
-2.244962006807327271e-01,-1.324043273925781250e+00,2.341224670410156250e+00
1.089300870895385742e+00,-2.359317302703857422e+00,9.753372073173522949e-01
-3.070465922355651855e-01,5.332779884338378906e-01,-9.111298322677612305e-01
-7.352130413055419922e-01,-5.716812014579772949e-01,3.262862563133239746e-02
-2.244932204484939575e-01,-1.324043273925781250e+00,2.341225624084472656e+00
-7.316666841506958008e-01,-1.940371513366699219e+00,-6.410260796546936035e-01
-7.352175116539001465e-01,-5.716809630393981934e-01,3.262472525238990784e-02
6.560298800468444824e-01,-9.030474424362182617e-01,2.091216564178466797e+00
-5.319356918334960938e-01,-1.597774982452392578e+00,-9.144695997238159180e-01
-7.352144122123718262e-01,-5.716794133186340332e-01,3.262612968683242798e-02
-3.070444464683532715e-01,5.332785844802856445e-01,-9.111312031745910645e-01
-3.070312142372131348e-01,5.332783460617065430e-01,-9.111338853836059570e-01
3.153798580169677734e+00,-6.753303408622741699e-01,-1.102648004889488220e-01
-7.316684722900390625e-01,-1.940364718437194824e+00,-6.410266160964965820e-01
1.553419947624206543e+00,-7.035481333732604980e-01,-4.278860092163085938e-01
-7.352047562599182129e-01,-5.716933012008666992e-01,3.264334052801132202e-02
-2.244876623153686523e-01,-1.324041485786437988e+00,2.341230630874633789e+00
-3.069996535778045654e-01,5.332881808280944824e-01,-9.111396074295043945e-01
-3.070378899574279785e-01,5.332770347595214844e-01,-9.111320972442626953e-01
-7.352076172828674316e-01,-5.716891288757324219e-01,3.263761103153228760e-02
-9.144675135612487793e-01,7.757534384727478027e-01,1.594486117362976074e+00
1.762145519256591797e+00,-1.811265587806701660e+00,6.276165246963500977e-01
-9.144693017005920410e-01,7.757521271705627441e-01,1.594484806060791016e+00
1.497960805892944336e+00,-7.940053939819335938e-01,-3.159792423248291016e-01
-3.070296049118041992e-01,5.332795977592468262e-01,-9.111343622207641602e-01
-2.383121013641357422e+00,3.225649356842041016e+00,1.840572595596313477e+00
-3.070469498634338379e-01,5.332828760147094727e-01,-9.111278653144836426e-01
-5.319385528564453125e-01,-1.597773075103759766e+00,-9.144683480262756348e-01
8.558329939842224121e-01,-6.385956406593322754e-01,-2.971201539039611816e-01
1.089298605918884277e+00,-2.359319448471069336e+00,9.753365516662597656e-01
-3.069981932640075684e-01,5.332840681076049805e-01,-9.111403822898864746e-01
2.181141614913940430e+00,-1.938498854637145996e+00,9.921595919877290726e-04
2.336529970169067383e+00,-1.430675029754638672e+00,4.785162210464477539e-01
-7.352002263069152832e-01,-5.717006325721740723e-01,3.265136107802391052e-02
-4.010058939456939697e-01,6.111061573028564453e-01,1.824027776718139648e+00
-9.144665598869323730e-01,7.757534980773925781e-01,1.594485640525817871e+00
-3.070381581783294678e-01,5.332804918289184570e-01,-9.111322760581970215e-01
-1.349235475063323975e-01,9.171840548515319824e-01,1.994378566741943359e+00
4.878288507461547852e-01,1.000754594802856445e+00,7.009849548339843750e-01
1.308792233467102051e+00,-5.730328559875488281e-01,1.886357784271240234e+00
-3.070459365844726562e-01,5.332778096199035645e-01,-9.111294150352478027e-01
-3.070137798786163330e-01,5.332818031311035156e-01,-9.131374020576477051e-01
-3.070328831672668457e-01,5.332843661308288574e-01,-9.111325144767761230e-01
-3.070409595966339111e-01,5.332782268524169922e-01,-9.111317396163940430e-01
1.308817982673645020e+00,-5.730257034301757812e-01,1.886394619941711426e+00
-3.070241212844848633e-01,5.333045125007629395e-01,-9.111262559890747070e-01
-3.070453405380249023e-01,5.332771539688110352e-01,-9.111300706863403320e-01
4.878118634223937988e-01,1.000525832176208496e+00,7.009654045104980469e-01
-3.070091605186462402e-01,5.332792997360229492e-01,-9.111397266387939453e-01
-3.070321977138519287e-01,5.332776904106140137e-01,-9.111340045928955078e-01
-3.070432245731353760e-01,5.332781672477722168e-01,-9.111297130584716797e-01
-7.352236509323120117e-01,-5.716722607612609863e-01,3.261948004364967346e-02
-3.070137798786163330e-01,5.342818031311035156e-01,-9.111374020576477051e-01
-3.070269227027893066e-01,5.332801938056945801e-01,-9.111350178718566895e-01
-3.070458173751831055e-01,5.332785844802856445e-01,-9.111300110816955566e-01
-3.068905174732208252e-01,5.332868695259094238e-01,-9.111564159393310547e-01
-3.068086504936218262e-01,5.332949161529541016e-01,-9.111590981483459473e-01
-3.070382475852966309e-01,5.332783460617065430e-01,-9.111328125000000000e-01
-3.070330917835235596e-01,5.332790017127990723e-01,-9.111337065696716309e-01
-3.070437908172607422e-01,5.332835316658020020e-01,-9.111288785934448242e-01
4.070441246032714844e+00,2.486036300659179688e+00,1.623953461647033691e+00
-7.352215647697448730e-01,-5.716757774353027344e-01,3.262234851717948914e-02
-3.070327937602996826e-01,5.332801342010498047e-01,-9.111333489418029785e-01
6.953269243240356445e-01,-2.088013172149658203e+00,-1.666890501976013184e+00
-3.070067465305328369e-01,5.332847833633422852e-01,-9.111388325691223145e-01
6.560335755348205566e-01,-9.030500650405883789e-01,2.091197252273559570e+00
6.560314893722534180e-01,-9.030428528785705566e-01,2.091214179992675781e+00
-3.070454299449920654e-01,5.332775712013244629e-01,-9.111302495002746582e-01
-3.070155084133148193e-01,5.332844257354736328e-01,-9.111368060111999512e-01
-1.349143683910369873e-01,9.171827435493469238e-01,1.994383692741394043e+00
-3.730425536632537842e-01,7.861430048942565918e-01,1.479387521743774414e+00
-3.070432245731353760e-01,5.332782864570617676e-01,-9.111305475234985352e-01
-1.349197626113891602e-01,9.171801805496215820e-01,1.994381785392761230e+00
-3.070398569107055664e-01,5.332767963409423828e-01,-9.111312031745910645e-01
-3.070408701896667480e-01,5.332782268524169922e-01,-9.111316800117492676e-01
-4.010058045387268066e-01,6.111078858375549316e-01,1.824026346206665039e+00
-7.352562546730041504e-01,-5.716558098793029785e-01,3.260371088981628418e-02
-7.352263331413269043e-01,-5.716713666915893555e-01,3.261985629796981812e-02
-7.352002263069152832e-01,-5.717006325721740723e-01,3.265136107802391052e-02
1.932002425193786621e+00,1.191651701927185059e+00,-5.403819084167480469e-01
1.137599110603332520e+00,-5.813840627670288086e-01,-1.278095543384552002e-01
-3.070459961891174316e-01,5.332778096199035645e-01,-9.111300110816955566e-01
-3.070025444030761719e-01,5.332789421081542969e-01,-9.111406803131103516e-01
-3.363791227340698242e+00,4.197336673736572266e+00,3.071864604949951172e+00
-1.349143683910369873e-01,9.171827435493469238e-01,1.994383692741394043e+00
-3.070389330387115479e-01,5.332784652709960938e-01,-9.111322760581970215e-01
-3.070390522480010986e-01,5.332815647125244141e-01,-9.111301302909851074e-01
-3.070465624332427979e-01,5.332781672477722168e-01,-9.111300110816955566e-01
-3.730425536632537842e-01,7.861430048942565918e-01,1.479387521743774414e+00
-3.070460557937622070e-01,5.332789421081542969e-01,-9.111297726631164551e-01
-5.319399237632751465e-01,-1.597772717475891113e+00,-9.144672155380249023e-01
-3.070241510868072510e-01,5.332718491554260254e-01,-9.111397862434387207e-01
-1.935742855072021484e+00,-1.613695740699768066e+00,-1.863085269927978516e+00
-3.069068491458892822e-01,5.333063006401062012e-01,-9.111475944519042969e-01
-3.070382177829742432e-01,5.332787632942199707e-01,-9.111317396163940430e-01
-3.070372343063354492e-01,5.332873463630676270e-01,-9.111285805702209473e-01
4.878120720386505127e-01,1.000528573989868164e+00,7.009653449058532715e-01
4.878023564815521240e-01,1.000508308410644531e+00,7.009551525115966797e-01
-3.070441782474517822e-01,5.332824587821960449e-01,-9.111287593841552734e-01
7.980135440826416016e+00,1.335353612899780273e+00,1.045767903327941895e+00
1.931969046592712402e+00,1.191607236862182617e+00,-5.403615832328796387e-01
-3.070468306541442871e-01,5.332784056663513184e-01,-9.111303687095642090e-01
-3.070411980152130127e-01,5.332846641540527344e-01,-9.111285209655761719e-01
-3.070235550403594971e-01,5.332806706428527832e-01,-9.111361503601074219e-01
-1.349227577447891235e-01,9.171825647354125977e-01,1.994379281997680664e+00
-1.935742139816284180e+00,-1.613698005676269531e+00,-1.863085865974426270e+00
1.308795571327209473e+00,-5.730635523796081543e-01,1.886395812034606934e+00
-3.070464432239532471e-01,5.332779884338378906e-01,-9.111301302909851074e-01
-3.070344626903533936e-01,5.332775115966796875e-01,-9.111337065696716309e-01
-3.070090413093566895e-01,5.332792401313781738e-01,-9.111397266387939453e-01
-3.070417642593383789e-01,5.332784652709960938e-01,-9.111318588256835938e-01
-7.352236509323120117e-01,-5.716722607612609863e-01,3.261948004364967346e-02
-3.070361912250518799e-01,5.332745909690856934e-01,-9.111341834068298340e-01
-3.070137798786163330e-01,5.332818031311035156e-01,-9.111374020576477051e-01
-3.070416450500488281e-01,5.332769751548767090e-01,-9.111312627792358398e-01
-3.070409297943115234e-01,5.332771539688110352e-01,-9.111312627792358398e-01
-3.069254755973815918e-01,5.332854986190795898e-01,-9.111526608467102051e-01
-3.070379197597503662e-01,5.332756638526916504e-01,-9.111332297325134277e-01
-3.067916333675384521e-01,5.332557559013366699e-01,-9.111734628677368164e-01
6.560283899307250977e-01,-9.030421376228332520e-01,2.091212511062622070e+00
-3.070400357246398926e-01,5.332781076431274414e-01,-9.111319184303283691e-01
-3.730425536632537842e-01,7.861430048942565918e-01,1.479387521743774414e+00
-7.352303862571716309e-01,-5.716702938079833984e-01,3.261800482869148254e-02
-7.352043390274047852e-01,-5.716912746429443359e-01,3.263945505023002625e-02
-3.068454563617706299e-01,5.332494974136352539e-01,-9.111713767051696777e-01
-3.070394694805145264e-01,5.332762002944946289e-01,-9.111326336860656738e-01
-7.352215647697448730e-01,-5.716757774353027344e-01,3.262234851717948914e-02
-5.319396257400512695e-01,-1.597775816917419434e+00,-9.144678711891174316e-01
-1.349143683910369873e-01,9.171827435493469238e-01,1.994383692741394043e+00
-3.070137798786163330e-01,5.332818031311035156e-01,-9.111374020576477051e-01
4.070440769195556641e+00,2.486036300659179688e+00,1.623953104019165039e+00
-3.070437312126159668e-01,5.332803726196289062e-01,-9.111292958259582520e-01
-3.070082366466522217e-01,5.332881808280944824e-01,-9.111372828483581543e-01
-3.070168793201446533e-01,5.332810282707214355e-01,-9.111369252204895020e-01
-3.730437159538269043e-01,7.861426472663879395e-01,1.479387402534484863e+00
-5.319351553916931152e-01,-1.597773551940917969e+00,-9.144684672355651855e-01
-3.070466518402099609e-01,5.332781076431274414e-01,-9.111301302909851074e-01
-3.070155084133148193e-01,5.332844257354736328e-01,-9.111368060111999512e-01
-3.070272207260131836e-01,5.332830548286437988e-01,-9.111339449882507324e-01
-7.352085113525390625e-01,-5.716844201087951660e-01,3.262930735945701599e-02
-3.070458173751831055e-01,5.332776308059692383e-01,-9.111298918724060059e-01
-3.070431947708129883e-01,5.332785248756408691e-01,-9.111306071281433105e-01
-3.070465028285980225e-01,5.332785844802856445e-01,-9.111301302909851074e-01
-1.935743451118469238e+00,-1.613695144653320312e+00,-1.863085508346557617e+00
-3.070465922355651855e-01,5.332783460617065430e-01,-9.111300706863403320e-01
-3.069959878921508789e-01,5.332877039909362793e-01,-9.111409187316894531e-01
1.186620712280273438e+00,-2.543990015983581543e-01,-5.571729540824890137e-01
-3.070262074470520020e-01,5.332812070846557617e-01,-9.111354947090148926e-01
-3.070450723171234131e-01,5.332786440849304199e-01,-9.111304879188537598e-01
-7.351982593536376953e-01,-5.716951489448547363e-01,3.264497220516204834e-02
-7.352085113525390625e-01,-5.716844201087951660e-01,3.262930735945701599e-02
-3.070454001426696777e-01,5.332778692245483398e-01,-9.111303091049194336e-01
-3.070276081562042236e-01,5.332819223403930664e-01,-9.111343622207641602e-01
-3.070412874221801758e-01,5.332769751548767090e-01,-9.111328721046447754e-01
-7.352092862129211426e-01,-5.716834664344787598e-01,3.262896835803985596e-02
-3.070456087589263916e-01,5.332790017127990723e-01,-9.111298322677612305e-01
-3.068015873432159424e-01,5.333197712898254395e-01,-9.111492633819580078e-01
-1.349190622568130493e-01,9.171808958053588867e-01,1.994382500648498535e+00
-3.069462180137634277e-01,5.333049893379211426e-01,-9.111433029174804688e-01
1.425609230995178223e+00,-8.005973100662231445e-01,-4.292562901973724365e-01
-3.730432987213134766e-01,7.861426472663879395e-01,1.479386925697326660e+00
-7.352215647697448730e-01,-5.716757774353027344e-01,3.262234851717948914e-02
-3.070431053638458252e-01,5.332773327827453613e-01,-9.111299514770507812e-01
-3.070337772369384766e-01,5.332781076431274414e-01,-9.111332893371582031e-01
-3.070155084133148193e-01,5.332844257354736328e-01,-9.111368060111999512e-01
-3.070414364337921143e-01,5.332791209220886230e-01,-9.111320972442626953e-01
-3.730433583259582520e-01,7.861419916152954102e-01,1.479386568069458008e+00
-3.070444464683532715e-01,5.332781076431274414e-01,-9.111297726631164551e-01
-4.010085761547088623e-01,6.111044883728027344e-01,1.824025273323059082e+00
-3.730440735816955566e-01,7.861419320106506348e-01,1.479386329650878906e+00
-3.070417642593383789e-01,5.332797765731811523e-01,-9.111304879188537598e-01
-3.730425536632537842e-01,7.861430048942565918e-01,1.479387521743774414e+00
-7.352002263069152832e-01,-5.717006325721740723e-01,3.265136107802391052e-02
-3.170155084133148193e-01,5.332844257354736328e-01,-9.111368060111999512e-01
-3.070137798786163330e-01,5.332818031311035156e-01,-9.111374020576477051e-01
-3.070391714572906494e-01,5.332782268524169922e-01,-9.111314415931701660e-01
-5.319392085075378418e-01,-1.597774624824523926e+00,-9.144686460494995117e-01
-3.070431649684906006e-01,5.332850217819213867e-01,-9.111278057098388672e-01
-7.352215647697448730e-01,-5.716757774353027344e-01,3.262234851717948914e-02
-3.070431947708129883e-01,5.332785248756408691e-01,-9.111306071281433105e-01
-3.070442378520965576e-01,5.332779288291931152e-01,-9.111304283142089844e-01
-3.070155084133148193e-01,5.332844257354736328e-01,-9.111368060111999512e-01
-7.352263331413269043e-01,-5.716713666915893555e-01,3.261985629796981812e-02
-7.352215647697448730e-01,-5.716757774353027344e-01,3.262234851717948914e-02
-3.070357441902160645e-01,5.332791209220886230e-01,-9.111320972442626953e-01
-3.069888651371002197e-01,5.332819223403930664e-01,-9.111436605453491211e-01
-3.070448338985443115e-01,5.332798957824707031e-01,-9.111303091049194336e-01
-3.070466220378875732e-01,5.332782268524169922e-01,-9.111300110816955566e-01
-1.935741901397705078e+00,-1.613696813583374023e+00,-1.863085627555847168e+00
-3.070446848869323730e-01,5.332775115966796875e-01,-9.111301898956298828e-01
-3.730425536632537842e-01,7.861430048942565918e-01,1.479387521743774414e+00
-6.351998090744018555e-01,-5.716923475265502930e-01,3.264495730400085449e-02
-3.070460557937622070e-01,5.332781672477722168e-01,-9.111301302909851074e-01
-3.070408701896667480e-01,5.332775115966796875e-01,-9.111318588256835938e-01
-5.319380164146423340e-01,-1.597773909568786621e+00,-9.144698977470397949e-01
-3.069452941417694092e-01,5.332950353622436523e-01,-9.111476540565490723e-01
-3.070469498634338379e-01,5.332794189453125000e-01,-9.111300706863403320e-01
1.180691719055175781e+00,-6.443114876747131348e-01,-9.680416435003280640e-02
4.878163039684295654e-01,1.000522136688232422e+00,7.009690403938293457e-01
-7.352043390277047852e-01,-5.716912746429443359e-01,3.263945505023002625e-02
-3.070282638072967529e-01,5.332791805267333984e-01,-9.111344814300537109e-01
4.878299832344055176e-01,1.000535845756530762e+00,7.009839415550231934e-01
-3.070155084133148193e-01,5.332844257354736328e-01,-9.111368060111999512e-01
-4.010065495967864990e-01,6.111071705818176270e-01,1.824025869369506836e+00
-3.070429563522338867e-01,5.332806110382080078e-01,-9.111295938491821289e-01
2.925335645675659180e+00,6.801180839538574219e-01,-1.053255677223205566e+00
4.878039658069610596e-01,1.000701546669006348e+00,7.009595632553100586e-01
-4.010063111782073975e-01,6.111053228378295898e-01,1.824028849601745605e+00
-7.352090477943420410e-01,-5.716904401779174805e-01,3.263895958662033081e-02
-1.125172495841979980e+00,-9.963864088058471680e-01,4.631582796573638916e-01
-3.070459365844726562e-01,5.332787632942199707e-01,-9.111305475234985352e-01
-3.070454895496368408e-01,5.332767367362976074e-01,-9.111316800117492676e-01
-1.349143683910369873e-01,9.171827435493469238e-01,1.994383692741394043e+00
-7.352085113525390625e-01,-5.716844201087951660e-01,3.262930735945701599e-02
-3.070403337478637695e-01,5.332790017127990723e-01,-9.111319184303283691e-01
-3.070461153984069824e-01,5.332778096199035645e-01,-9.111295938491821289e-01
-3.070443570613861084e-01,5.332780480384826660e-01,-9.111300706863403320e-01
-3.070310652256011963e-01,5.332796573638916016e-01,-9.111341238021850586e-01
-5.319379568099975586e-01,-1.597773194313049316e+00,-9.144652485847473145e-01
6.560297608375549316e-01,-9.030383229255676270e-01,2.091187238693237305e+00
-7.352181077003479004e-01,-5.716791152954101562e-01,3.262562304735183716e-02
1.514981269836425781e+00,-8.792140483856201172e-01,-6.043936014175415039e-01
1.781978726387023926e+00,-6.498979330062866211e-01,-3.546010851860046387e-01
3.153800725936889648e+00,-6.753273606300354004e-01,-1.102662831544876099e-01
2.336478710174560547e+00,-1.430688500404357910e+00,4.785138964653015137e-01
-5.319404006004333496e-01,-1.597774147987365723e+00,-9.144676923751831055e-01
-7.352223396301269531e-01,-5.716772675514221191e-01,3.262337297201156616e-02
-1.349193602800369263e-01,9.171823859214782715e-01,1.994381308555603027e+00
1.264605998992919922e+00,-5.126686692237854004e-01,-3.626211583614349365e-01
-7.352250814437866211e-01,-5.716748237609863281e-01,3.262805566191673279e-02
-3.070459663867950439e-01,5.332776904106140137e-01,-9.111292362213134766e-01
8.558325171470642090e-01,-6.385949850082397461e-01,-2.971206903457641602e-01
-1.349213570356369019e-01,9.171824455261230469e-01,1.994381666183471680e+00
-1.935744643211364746e+00,-1.613695621490478516e+00,-1.863084197044372559e+00
2.336502313613891602e+00,-1.430680155754089355e+00,4.785130620002746582e-01
1.937868833541870117e+00,-4.213364124298095703e-01,-5.235817432403564453e-01
-1.935743570327758789e+00,-1.613695859909057617e+00,-1.863084912300109863e+00
-7.352361679077148438e-01,-5.716565251350402832e-01,3.260682150721549988e-02
-7.352342605590820312e-01,-5.716615915298461914e-01,3.260747715830802917e-02
1.932001113891601562e+00,1.191641449928283691e+00,-5.403818488121032715e-01
-7.352224588394165039e-01,-5.716702938079833984e-01,3.261780366301536560e-02
-3.069808185100555420e-01,5.332891345024108887e-01,-9.111425876617431641e-01
1.781978964805603027e+00,-6.498988866806030273e-01,-3.546002805233001709e-01
-7.352264523506164551e-01,-5.716764926910400391e-01,3.261997923254966736e-02
-7.352100014686584473e-01,-5.716882944107055664e-01,3.263750299811363220e-02
-7.352280020713806152e-01,-5.716700553894042969e-01,3.261573612689971924e-02
-3.070410192012786865e-01,5.332779288291931152e-01,-9.111314415931701660e-01
-4.010069072246551514e-01,6.111035346984863281e-01,1.824027538299560547e+00
-1.349182873964309692e-01,9.171827435493469238e-01,1.994381546974182129e+00
1.781978726387023926e+00,-6.498979926109313965e-01,-3.546004593372344971e-01
1.781978368759155273e+00,-6.498977541923522949e-01,-3.546011745929718018e-01
1.781977772712707520e+00,-6.498981714248657227e-01,-3.546004295349121094e-01
-5.319398045539855957e-01,-1.597775459289550781e+00,-9.144671559333801270e-01
2.336491823196411133e+00,-1.430684328079223633e+00,4.785152077674865723e-01
-5.319396257400512695e-01,-1.597773671150207520e+00,-9.144682884216308594e-01
-7.352029085159301758e-01,-5.716912150382995605e-01,3.263925388455390930e-02
-3.070453405380249023e-01,5.342773327827453613e-01,-9.111300110816955566e-01
1.454322218894958496e+00,-4.819605052471160889e-01,-1.703607290983200073e-01
-1.349207907915115356e-01,9.171869754791259766e-01,1.994377017021179199e+00
1.497960805892944336e+00,-7.940051555633544922e-01,-3.159794211387634277e-01
2.415005683898925781e+00,-1.473583579063415527e-01,-2.223536252975463867e+00
1.186620593070983887e+00,-2.543994784355163574e-01,-5.571730732917785645e-01
-7.352191209793090820e-01,-5.716882944107055664e-01,3.263799473643302917e-02
-3.070453405380249023e-01,5.332773327827453613e-01,-9.111300110816955566e-01
-3.069404065608978271e-01,5.332928299903869629e-01,-9.111483097076416016e-01
1.308793306350708008e+00,-5.730327367782592773e-01,1.886379480361938477e+00
-7.351980209350585938e-01,-5.717009305953979492e-01,3.264729678630828857e-02
1.308799386024475098e+00,-5.730203986167907715e-01,1.886379361152648926e+00
3.607700347900390625e+00,1.194839626550674438e-01,-2.743607573211193085e-02
2.336507081985473633e+00,-1.430681586265563965e+00,4.785129129886627197e-01
-3.070453405380249023e-01,5.332773327827453613e-01,-9.111300110816955566e-01
-4.010064899921417236e-01,6.111062765121459961e-01,1.824026107788085938e+00
1.181912183761596680e+00,-1.118830680847167969e+00,-6.494478583335876465e-01
1.781976580619812012e+00,-6.498979330062866211e-01,-3.546003401279449463e-01
-5.319377183914184570e-01,-1.597772836685180664e+00,-9.144707322120666504e-01
-7.352141737937927246e-01,-5.716775655746459961e-01,3.262764587998390198e-02
2.415005683898925781e+00,-1.473583579063415527e-01,-2.223536252975463867e+00
1.796020746231079102e+00,-2.072695970535278320e+00,4.125689983367919922e+00
2.775966644287109375e+00,-7.567152380943298340e-01,-7.653570175170898438e-01
-8.185833692550659180e-01,3.612179458141326904e-01,1.740514278411865234e+00
-9.144679903984069824e-01,7.757516503334045410e-01,1.594484210014343262e+00
9.615449905395507812e-01,-2.137368470430374146e-01,-8.082211613655090332e-01
-2.167664766311645508e-01,3.081391811370849609e+00,-7.950752377510070801e-01
4.878184795379638672e-01,1.000529289245605469e+00,7.009719610214233398e-01
-3.070423007011413574e-01,5.332787632942199707e-01,-9.111313223838806152e-01
1.781977891921997070e+00,-6.498975157737731934e-01,-3.546007871627807617e-01
1.308781743049621582e+00,-5.730020999908447266e-01,1.886391997337341309e+00
-8.185753226280212402e-01,3.612107634544372559e-01,1.740522742271423340e+00
-7.352008819580078125e-01,-5.716945528984069824e-01,3.264208137989044189e-02
1.308795332908630371e+00,-5.730388164520263672e-01,1.886415958404541016e+00
1.670145153999328613e+00,-5.352495312690734863e-01,-4.686691164970397949e-01
-8.185763955116271973e-01,3.612078130245208740e-01,1.740522742271423340e+00
1.932005047798156738e+00,1.191639184951782227e+00,-5.403833389282226562e-01
8.558323383331298828e-01,-6.385950446128845215e-01,-2.971208393573760986e-01
4.877901375293731689e-01,1.000514507293701172e+00,7.009427547454833984e-01
-3.070315420627593994e-01,5.332755446434020996e-01,-9.111348986625671387e-01
5.778842605650424957e-03,-3.112164258956909180e+00,3.679610788822174072e-01
-3.069712817668914795e-01,5.333152413368225098e-01,-9.111338853836059570e-01
1.308794736862182617e+00,-5.730141997337341309e-01,1.886374235153198242e+00
1.309738516807556152e+00,-8.942581415176391602e-01,-6.987141966819763184e-01
-7.352293729782104492e-01,-5.716663002967834473e-01,3.261472657322883606e-02
1.497960567474365234e+00,-7.940056920051574707e-01,-3.159796595573425293e-01
4.878183305263519287e-01,1.000522136688232422e+00,7.009718418121337891e-01
-7.352094650268554688e-01,-5.716829299926757812e-01,3.262937813997268677e-02
-4.010072350502014160e-01,6.111048460006713867e-01,1.824027180671691895e+00
4.878102242946624756e-01,1.000559449195861816e+00,7.009640336036682129e-01
4.878169894218444824e-01,1.000524878501892090e+00,7.009708881378173828e-01
2.336497306823730469e+00,-1.430681467056274414e+00,4.785155355930328369e-01
-1.349156051874160767e-01,9.171827435493469238e-01,1.994382858276367188e+00
-1.349201947450637817e-01,9.171841740608215332e-01,1.994381189346313477e+00
1.931989073753356934e+00,1.191666722297668457e+00,-5.403710007667541504e-01
-7.352321743965148926e-01,-5.716662406921386719e-01,3.261337056756019592e-02
2.336536645889282227e+00,-1.430677413940429688e+00,4.785180687904357910e-01
2.346536645889282227e+00,-1.430677413940429688e+00,4.785180687904357910e-01
2.336536645889282227e+00,-1.430677413940429688e+00,4.795180687904357910e-01
2.386536645889282227e+00,-1.430677413940429688e+00,4.785180687904357910e-01
-7.352361679077148438e-01,-5.716565251350402832e-01,3.260682150721549988e-02
4.878179430961608887e-01,1.000517010688781738e+00,7.009709477424621582e-01
-7.352027893066406250e-01,-5.716904997825622559e-01,3.263835236430168152e-02
4.878068268299102783e-01,1.000538945198059082e+00,7.009599208831787109e-01
1.781978726387023926e+00,-6.498984694480895996e-01,-3.546001911163330078e-01
1.823399662971496582e+00,-7.560732960700988770e-01,-5.108439326286315918e-01
1.781977891921997070e+00,-6.498979926109313965e-01,-3.545999526977539062e-01
-7.352361679077148438e-01,-5.716565251350402832e-01,3.260682150721549988e-02
-3.070081472396850586e-01,5.332805514335632324e-01,-9.111393690109252930e-01
-3.070428073406219482e-01,5.332785844802856445e-01,-9.111310243606567383e-01
4.012764453887939453e+00,6.644071936607360840e-01,2.473667263984680176e-01
-7.351973652839660645e-01,-5.716984868049621582e-01,3.264420852065086365e-02
2.336536645889282227e+00,-1.430677413940429688e+00,4.785180687904357910e-01
-1.125139355659484863e+00,-9.964186549186706543e-01,4.631910622119903564e-01
3.153800725936889648e+00,-6.753293871879577637e-01,-1.102629303932189941e-01
4.070441246032714844e+00,2.486036300659179688e+00,1.623953461647033691e+00
-7.352204322814941406e-01,-5.716792345046997070e-01,3.262482583522796631e-02
-4.010069966316223145e-01,6.111068129539489746e-01,1.824025392532348633e+00
-5.319398045539855957e-01,-1.597772598266601562e+00,-9.144698977470397949e-01
2.336508035659790039e+00,-1.430685043334960938e+00,4.785203337669372559e-01
4.878094792366027832e-01,1.000658988952636719e+00,7.009657025337219238e-01
-7.351888418197631836e-01,-5.717112421989440918e-01,3.265980631113052368e-02
-7.316654324531555176e-01,-1.940370917320251465e+00,-6.410269737243652344e-01
-4.010067582130432129e-01,6.111078262329101562e-01,1.824025750160217285e+00
4.070441246032714844e+00,2.486035823822021484e+00,1.623953700065612793e+00
1.781978368759155273e+00,-6.498979926109313965e-01,-3.546010255813598633e-01
-5.319394469261169434e-01,-1.597774744033813477e+00,-9.144680500030517578e-01
-9.144677519798278809e-01,7.757535576820373535e-01,1.594485163688659668e+00
-1.125002264976501465e+00,-9.965587258338928223e-01,4.633314311504364014e-01
1.180691957473754883e+00,-6.443114876747131348e-01,-9.680403023958206177e-02
1.931997656822204590e+00,1.191637873649597168e+00,-5.403807163238525391e-01
6.560218930244445801e-01,-9.030374884605407715e-01,2.091220617294311523e+00
-7.352130413055419922e-01,-5.716842412948608398e-01,3.263165056705474854e-02
-8.782101869583129883e-01,4.076025485992431641e+00,-1.052622199058532715e+00
1.781978130340576172e+00,-6.498983502388000488e-01,-3.546005189418792725e-01
1.471521019935607910e+00,-1.045184016227722168e+00,-2.538219392299652100e-01
-2.167684137821197510e-01,3.081389427185058594e+00,-7.950777411460876465e-01
1.296082854270935059e+00,-8.818352222442626953e-01,-8.791013062000274658e-02
2.336536645889282227e+00,-1.431677413940429688e+00,4.785180687904357910e-01
-3.524498224258422852e+00,-3.725755214691162109e+00,3.480349540710449219e+00
4.878050386905670166e-01,1.000739336013793945e+00,7.009606361389160156e-01
1.180692315101623535e+00,-6.443113088607788086e-01,-9.680391103029251099e-02
-7.352142333984375000e-01,-5.716834664344787598e-01,3.263082355260848999e-02
1.308790445327758789e+00,-5.730407238006591797e-01,1.886389374732971191e+00
6.953254342079162598e-01,-2.088014125823974609e+00,-1.666889190673828125e+00
-3.730435073375701904e-01,7.861420512199401855e-01,1.479386806488037109e+00
1.781977772712707520e+00,-6.498975157737731934e-01,-3.546003103256225586e-01
1.931988000869750977e+00,1.191622376441955566e+00,-5.403738021850585938e-01
1.308826088905334473e+00,-5.730367898941040039e-01,1.886400699615478516e+00
-4.010058343410491943e-01,6.111059784889221191e-01,1.824027895927429199e+00
1.781978845596313477e+00,-6.498982906341552734e-01,-3.546003103256225586e-01
-1.349162459373474121e-01,9.171799421310424805e-01,1.994384050369262695e+00
-5.319377183914184570e-01,-1.597773671150207520e+00,-9.144673943519592285e-01
1.308812737464904785e+00,-5.730468034744262695e-01,1.886405229568481445e+00
-7.352101206779479980e-01,-5.716852545738220215e-01,3.263337537646293640e-02
4.878160655498504639e-01,1.000530362129211426e+00,7.009699344635009766e-01
6.560382246971130371e-01,-9.030479788780212402e-01,2.091213464736938477e+00
-1.349179893732070923e-01,9.171815514564514160e-01,1.994383811950683594e+00
-7.352032065391540527e-01,-5.716950893402099609e-01,3.264440223574638367e-02
4.070441246032714844e+00,2.486035823822021484e+00,1.623953938484191895e+00
1.089277029037475586e+00,-7.676749229431152344e-01,-4.901107549667358398e-01
1.937869071960449219e+00,-4.213363826274871826e-01,-5.235819220542907715e-01
4.878166317939758301e-01,1.000713825225830078e+00,7.009723186492919922e-01
2.336502075195312500e+00,-1.430678963661193848e+00,4.785160720348358154e-01
-8.185780644416809082e-01,3.612119257450103760e-01,1.740520000457763672e+00
6.560164690017700195e-01,-9.030431509017944336e-01,2.091197490692138672e+00
-9.144687056541442871e-01,7.757524847984313965e-01,1.594485044479370117e+00
6.953254342079162598e-01,-2.188014125823974609e+00,-1.666889190673828125e+00
1.497960805892944336e+00,-7.940052747726440430e-01,-3.159796893596649170e-01
-3.070410192012786865e-01,5.332779288291931152e-01,-9.111314415931701660e-01
1.186620831489562988e+00,-2.543991208076477051e-01,-5.571728348731994629e-01
-7.352361679077148438e-01,-5.716565251350402832e-01,3.260682150721549988e-02
-7.352420687675476074e-01,-5.716717243194580078e-01,3.262326866388320923e-02
-1.349198669195175171e-01,9.171841144561767578e-01,1.994378685951232910e+00
-1.349188685417175293e-01,9.171817302703857422e-01,1.994382381439208984e+00
4.878176450729370117e-01,1.000521302223205566e+00,7.009743452072143555e-01
1.781978249549865723e+00,-6.498979926109313965e-01,-3.546004295349121094e-01
1.308792710304260254e+00,-5.730392932891845703e-01,1.886393070220947266e+00
-7.352320551872253418e-01,-5.716668963432312012e-01,3.261444345116615295e-02
1.308804154396057129e+00,-5.730243325233459473e-01,1.886377334594726562e+00
-3.070410192012786865e-01,5.332779288291931152e-01,-9.111314415931701660e-01
-7.352056503295898438e-01,-5.716886520385742188e-01,3.264003247022628784e-02
6.953254342079162598e-01,-2.088014125823974609e+00,-1.666889190673828125e+00
-7.352111339569091797e-01,-5.716837048530578613e-01,3.262890875339508057e-02
1.796025156974792480e+00,-2.072687149047851562e+00,4.125698089599609375e+00
-1.349198818206787109e-01,9.171841144561767578e-01,1.994380950927734375e+00
-1.349189281463623047e-01,9.171851873397827148e-01,1.994378924369812012e+00
-7.351977825164794922e-01,-5.717006921768188477e-01,3.264568373560905457e-02
-3.070441782474517822e-01,5.332776904106140137e-01,-9.111304283142089844e-01
-1.124934196472167969e+00,-9.966318011283874512e-01,4.634054899215698242e-01
-1.349205374717712402e-01,9.171873927116394043e-01,1.994377613067626953e+00
-1.935742139816284180e+00,-1.613696694374084473e+00,-1.863085269927978516e+00
1.308794975280761719e+00,-5.730165243148803711e-01,1.886369824409484863e+00
-7.352143526077270508e-01,-5.716829299926757812e-01,3.262861073017120361e-02
-3.069627881050109863e-01,5.332965254783630371e-01,-9.111438393592834473e-01
2.814692974090576172e+00,-1.764339655637741089e-01,-2.424626052379608154e-01
-5.319373607635498047e-01,-1.597775697708129883e+00,-9.144663214683532715e-01
-7.352161407470703125e-01,-5.716831684112548828e-01,3.262834623456001282e-02
-3.070420324802398682e-01,5.332773327827453613e-01,-9.111311435699462891e-01
-8.185786604881286621e-01,3.612117171287536621e-01,1.740519762039184570e+00
3.363752365112304688e+00,1.005280375480651855e+00,-1.831367850303649902e+00
1.931971788406372070e+00,1.191614270210266113e+00,-5.403659939765930176e-01
-3.070432543754577637e-01,5.332783460617065430e-01,-9.111310839653015137e-01
-1.124998688697814941e+00,-9.965653419494628906e-01,4.633393585681915283e-01
4.878176450729370117e-01,1.000521302223205566e+00,7.009743452072143555e-01
-3.070440292358398438e-01,5.332785844802856445e-01,-9.111310839653015137e-01
4.878036379814147949e-01,1.000544428825378418e+00,7.009575963020324707e-01
-7.316657900810241699e-01,-1.940371870994567871e+00,-6.410248875617980957e-01
-3.730430305004119873e-01,7.861427664756774902e-01,1.479387283325195312e+00
-7.352101802825927734e-01,-5.716829299926757812e-01,3.263079375028610229e-02
-3.070384263992309570e-01,5.332802534103393555e-01,-9.111319184303283691e-01
-7.352024912834167480e-01,-5.716935992240905762e-01,3.264341503381729126e-02
-3.730436861515045166e-01,7.861424684524536133e-01,1.479386806488037109e+00
-7.352240681648254395e-01,-5.716721415519714355e-01,3.261752426624298096e-02
-3.109855413436889648e+00,-2.691414117813110352e+00,3.022670745849609375e+00
-8.185755610466003418e-01,3.612071871757507324e-01,1.740523457527160645e+00
1.471025705337524414e+00,-6.328652501106262207e-01,-5.027635097503662109e-01
-7.352383136749267578e-01,-5.716648697853088379e-01,3.261408582329750061e-02
2.415008783340454102e+00,-1.473585069179534912e-01,-2.223534345626831055e+00
1.137598633766174316e+00,-5.813839435577392578e-01,-1.278098672628402710e-01
-7.352303266525268555e-01,-5.716680288314819336e-01,3.261350467801094055e-02
-3.070460259914398193e-01,5.332782864570617676e-01,-9.111298322677612305e-01
-7.352144718170166016e-01,-5.716806054115295410e-01,3.263119235634803772e-02
-3.070433437824249268e-01,5.332780480384826660e-01,-9.111309051513671875e-01
-2.167692035436630249e-01,3.081389665603637695e+00,-7.950776815414428711e-01
4.878176450729370117e-01,1.000521302223205566e+00,7.009743452072143555e-01
-7.352361679077148438e-01,-5.716587305068969727e-01,3.260145336389541626e-02
1.308789849281311035e+00,-5.729998350143432617e-01,1.886403203010559082e+00
-7.352353930473327637e-01,-5.716623067855834961e-01,3.260926529765129089e-02
-1.125154256820678711e+00,-9.964022636413574219e-01,4.631748497486114502e-01
-7.352277040481567383e-01,-5.716675519943237305e-01,3.261255100369453430e-02
-7.352290153503417969e-01,-5.716637969017028809e-01,3.261220827698707581e-02
-3.070398867130279541e-01,5.332806706428527832e-01,-9.111314415931701660e-01
1.308802247047424316e+00,-5.730324983596801758e-01,1.886397242546081543e+00
1.644344329833984375e+00,-5.843603610992431641e-01,-5.030172467231750488e-01
-7.352094650268554688e-01,-5.716926455497741699e-01,3.264351189136505127e-02
-1.349219828844070435e-01,9.171830415725708008e-01,1.994379997253417969e+00
-9.144682884216308594e-01,7.757517695426940918e-01,1.594484329223632812e+00
4.878167510032653809e-01,1.000783801078796387e+00,7.009740471839904785e-01
-1.349199861288070679e-01,9.171832203865051270e-01,1.994381070137023926e+00
-7.352060675621032715e-01,-5.716894268989562988e-01,3.263743594288825989e-02
-3.070380389690399170e-01,5.332774519920349121e-01,-9.111327528953552246e-01
1.308795094490051270e+00,-5.730375051498413086e-01,1.886394619941711426e+00
-3.730433285236358643e-01,7.861427068710327148e-01,1.479387402534484863e+00
-5.319390296936035156e-01,-1.597772479057312012e+00,-9.144705533981323242e-01
-1.349183917045593262e-01,9.171824455261230469e-01,1.994382262229919434e+00
-7.352343201637268066e-01,-5.716629624366760254e-01,3.260846063494682312e-02
4.878176450729370117e-01,1.000521302223205566e+00,7.009743452072143555e-01
-1.125147938728332520e+00,-9.964088201522827148e-01,4.631821811199188232e-01
-3.070354759693145752e-01,5.332784652709960938e-01,-9.111327528953552246e-01
-3.070419728755950928e-01,5.332814455032348633e-01,-9.111307859420776367e-01
-1.935744166374206543e+00,-1.613695144653320312e+00,-1.863083720207214355e+00
-3.068333864212036133e-01,5.332882404327392578e-01,-9.111611247062683105e-01
-3.070192337036132812e-01,5.332822799682617188e-01,-9.111356735229492188e-01
-7.352125048637390137e-01,-5.716866850852966309e-01,3.263400495052337646e-02
1.186620950698852539e+00,-2.543990015983581543e-01,-5.571727156639099121e-01
-1.349228173494338989e-01,9.171838164329528809e-01,1.994379281997680664e+00
-3.070346713066101074e-01,5.332832336425781250e-01,-9.111317992210388184e-01
-3.070461750030517578e-01,5.332781672477722168e-01,-9.111298322677612305e-01
-7.352381944656372070e-01,-5.716589093208312988e-01,3.260827437043190002e-02
-9.144688844680786133e-01,7.757512331008911133e-01,1.594483256340026855e+00
4.070440769195556641e+00,2.486037015914916992e+00,1.623952627182006836e+00
-1.349233835935592651e-01,9.171841740608215332e-01,1.994378566741943359e+00
1.308814167976379395e+00,-5.730254650115966797e-01,1.886402487754821777e+00
-4.010076224803924561e-01,6.111063957214355469e-01,1.824024438858032227e+00
-7.352145314216613770e-01,-5.716848969459533691e-01,3.263441473245620728e-02
1.308809876441955566e+00,-5.730220079421997070e-01,1.886403679847717285e+00
1.508075237274169922e+00,-5.177577733993530273e-01,-1.717037856578826904e-01
1.308793187141418457e+00,-5.730351805686950684e-01,1.886417269706726074e+00
2.415008783340454102e+00,-1.473585069179534912e-01,-2.223534345626831055e+00
1.670144915580749512e+00,-5.352493524551391602e-01,-4.686692953109741211e-01
-4.010052680969238281e-01,6.111075282096862793e-01,1.824027776718139648e+00
2.814692974090576172e+00,-1.764342486858367920e-01,-2.424630373716354370e-01
-5.319360494613647461e-01,-1.597775697708129883e+00,-9.144647717475891113e-01
4.070440769195556641e+00,2.486037015914916992e+00,1.623952627182006836e+00
4.878064393997192383e-01,1.000512361526489258e+00,7.009591460227966309e-01
-7.352209687232971191e-01,-5.716764926910400391e-01,3.262356668710708618e-02
-7.352369427680969238e-01,-5.716693997383117676e-01,3.262009471654891968e-02
1.931990265846252441e+00,1.191622257232666016e+00,-5.403749942779541016e-01
-3.070457875728607178e-01,5.332776308059692383e-01,-9.111291766166687012e-01
-8.185764551162719727e-01,3.612117767333984375e-01,1.740521311759948730e+00
3.153801918029785156e+00,-6.753298640251159668e-01,-1.102632433176040649e-01
-7.352182865142822266e-01,-5.716791749000549316e-01,3.262587636709213257e-02
-1.349163353443145752e-01,9.171836376190185547e-01,1.994381427764892578e+00
4.878176450729370117e-01,1.000521302223205566e+00,7.009743452072143555e-01
2.336511611938476562e+00,-1.430675864219665527e+00,4.785147309303283691e-01
-5.319375395774841309e-01,-1.597774386405944824e+00,-9.144690036773681641e-01
-3.070362806320190430e-01,5.332764387130737305e-01,-9.111333489418029785e-01
-3.070117235183715820e-01,5.332634449005126953e-01,-9.111450314521789551e-01
4.878176450729370117e-01,1.000521302223205566e+00,7.009743452072143555e-01
2.415008783340454102e+00,-1.473585069179534912e-01,-2.223534345626831055e+00
4.415008783340454102e+00,-1.473585069179534912e-01,-2.223534345626831055e+00
1.132392764091491699e+00,-9.900369644165039062e-01,-1.507283300161361694e-01
-3.070229887962341309e-01,5.332817435264587402e-01,-9.111357331275939941e-01
-7.352201342582702637e-01,-5.716778039932250977e-01,3.262316435575485229e-02
-7.316699624061584473e-01,-1.940366625785827637e+00,-6.410251259803771973e-01
-3.070407509803771973e-01,5.332788228988647461e-01,-9.111314415931701660e-01
1.762148976325988770e+00,-1.811267971992492676e+00,6.276158094406127930e-01
3.153798341751098633e+00,-6.753308176994323730e-01,-1.102634817361831665e-01
4.070440769195556641e+00,2.486035823822021484e+00,1.623953342437744141e+00
1.937868714332580566e+00,-4.213363528251647949e-01,-5.235818624496459961e-01
4.070441246032714844e+00,2.486036062240600586e+00,1.623953580856323242e+00
-3.069627881050109863e-01,5.332965254783630371e-01,-9.111438393592834473e-01
-7.352297902107238770e-01,-5.716670751571655273e-01,3.261569142341613770e-02
1.137598872184753418e+00,-5.813842415809631348e-01,-1.278096884489059448e-01
-3.070446550846099854e-01,5.332780480384826660e-01,-9.111306667327880859e-01
-7.352308034896850586e-01,-5.716682672500610352e-01,3.261369466781616211e-02
4.878176450729370117e-01,1.000521302223205566e+00,7.009743452072143555e-01
1.308793067932128906e+00,-5.730333328247070312e-01,1.886364936828613281e+00
1.444322943687438965e+00,-6.857586503028869629e-01,-5.323346853256225586e-01
-7.352068424224853516e-01,-5.716843605041503906e-01,3.263276442885398865e-02
-3.069854974746704102e-01,5.332878232002258301e-01,-9.111419916152954102e-01
4.070440769195556641e+00,2.486037015914916992e+00,1.623952627182006836e+00
-2.167681008577346802e-01,3.081389904022216797e+00,-7.950775027275085449e-01
-7.352162599563598633e-01,-5.716801285743713379e-01,3.262624889612197876e-02
4.070440769195556641e+00,2.486035823822021484e+00,1.623953580856323242e+00
1.308791875839233398e+00,-5.730044245719909668e-01,1.886405110359191895e+00
-3.070453703403472900e-01,5.332775712013244629e-01,-9.111302495002746582e-01
8.954285979270935059e-01,-7.402561902999877930e-01,-2.457155883312225342e-01
4.878132641315460205e-01,1.000520706176757812e+00,7.009664773941040039e-01
-3.069595992565155029e-01,5.332784056663513184e-01,-9.111506938934326172e-01
-7.352105379104614258e-01,-5.716859102249145508e-01,3.263306617736816406e-02
1.746481060981750488e+00,-5.361018776893615723e-01,-4.469404518604278564e-01
4.878176450729370117e-01,1.000521302223205566e+00,7.009743452072143555e-01
4.070440769195556641e+00,2.486037015914916992e+00,1.623952627182006836e+00
-3.730431199073791504e-01,7.861423492431640625e-01,1.479386925697326660e+00
-3.070402443408966064e-01,5.332869291305541992e-01,-9.111282229423522949e-01
-1.125078320503234863e+00,-9.964810013771057129e-01,4.632528424263000488e-01
1.308803677558898926e+00,-5.730037689208984375e-01,1.886394619941711426e+00
-5.319402813911437988e-01,-1.597774744033813477e+00,-9.144688248634338379e-01
4.878152310848236084e-01,1.000538468360900879e+00,7.009687423706054688e-01
1.308796525001525879e+00,-5.730490088462829590e-01,1.886394619941711426e+00
-7.352233529090881348e-01,-5.716714262962341309e-01,3.261757269501686096e-02
1.931992888450622559e+00,1.191639304161071777e+00,-5.403761267662048340e-01
1.932004213333129883e+00,1.191639900207519531e+00,-5.403823256492614746e-01
-7.352033853530883789e-01,-5.716941356658935547e-01,3.264303132891654968e-02
4.878140687942504883e-01,1.000654578208923340e+00,7.009689211845397949e-01
1.868053078651428223e+00,-9.638110399246215820e-01,-8.120511770248413086e-01
-3.070378303527832031e-01,5.332791805267333984e-01,-9.111322760581970215e-01
4.878176450729370117e-01,1.000521302223205566e+00,7.009743452072143555e-01
1.796017289161682129e+00,-2.072692871093750000e+00,4.125690937042236328e+00
4.070440769195556641e+00,2.486037015914916992e+00,1.623952627182006836e+00
-3.070442080497741699e-01,5.332782268524169922e-01,-9.111301898956298828e-01
-5.319408178329467773e-01,-1.597772717475891113e+00,-9.144700765609741211e-01
-3.070442974567413330e-01,5.332775115966796875e-01,-9.111302495002746582e-01
-3.070445358753204346e-01,5.332779884338378906e-01,-9.111306071281433105e-01
-3.730437159538269043e-01,7.861427664756774902e-01,1.479387521743774414e+00
1.308804035186767578e+00,-5.730257034301757812e-01,1.886394023895263672e+00
-3.070453703403472900e-01,5.332778692245483398e-01,-9.111295938491821289e-01
-7.352339029312133789e-01,-5.716669559478759766e-01,3.261516615748405457e-02
-3.070346713066101074e-01,5.332794189453125000e-01,-9.111324548721313477e-01
3.153801202774047852e+00,-6.753273606300354004e-01,-1.102652922272682190e-01
1.781978368759155273e+00,-6.498985290527343750e-01,-3.546006381511688232e-01
-3.070455491542816162e-01,5.332780480384826660e-01,-9.111300706863403320e-01
-3.070461153984069824e-01,5.332785844802856445e-01,-9.111296534538269043e-01
1.308791160583496094e+00,-5.730279088020324707e-01,1.886393547058105469e+00
1.494878411293029785e+00,-3.905014693737030029e-01,-4.426797330379486084e-01
1.781978011131286621e+00,-6.498983502388000488e-01,-3.545998036861419678e-01
-7.352157831192016602e-01,-5.716767907142639160e-01,3.262581303715705872e-02
-3.070414662361145020e-01,5.332784056663513184e-01,-9.111304283142089844e-01
-5.319376587867736816e-01,-1.597773909568786621e+00,-9.144657850265502930e-01
-3.070411682128906250e-01,5.332778096199035645e-01,-9.111306667327880859e-01
-5.319361686706542969e-01,-1.597775459289550781e+00,-9.144683480262756348e-01
-7.352213263511657715e-01,-5.716748833656311035e-01,3.262152895331382751e-02
1.182217240333557129e+00,-4.617901146411895752e-01,-1.076156377792358398e+00
-3.070111572742462158e-01,5.332826972007751465e-01,-9.111382961273193359e-01
1.308795690536499023e+00,-5.730322599411010742e-01,1.886396408081054688e+00
1.249446153640747070e+00,-7.366882562637329102e-01,-5.343835353851318359e-01
-3.070255517959594727e-01,5.332810878753662109e-01,-9.111351966857910156e-01
4.878098368644714355e-01,1.000521183013916016e+00,7.009639143943786621e-01
1.937869548797607422e+00,-4.213369488716125488e-01,-5.235823392868041992e-01
1.510550618171691895e+00,-6.547833681106567383e-01,-4.927610158920288086e-01
-2.167647927999496460e-01,3.081393003463745117e+00,-7.950736880302429199e-01
-4.010073542594909668e-01,6.111046075820922852e-01,1.824026942253112793e+00
-7.352313399314880371e-01,-5.716616511344909668e-01,3.260972350835800171e-02
4.878176450729370117e-01,1.000521302223205566e+00,7.009743452072143555e-01
-3.070463836193084717e-01,5.332781672477722168e-01,-9.111304283142089844e-01
1.595307588577270508e+00,-3.986013233661651611e-01,-7.383427023887634277e-01
-3.070356547832489014e-01,5.332791209220886230e-01,-9.111332893371582031e-01
-3.070362210273742676e-01,5.332807302474975586e-01,-9.111315608024597168e-01
-3.070002794265747070e-01,5.332761406898498535e-01,-9.111426472663879395e-01
-3.730437159538269043e-01,7.861422896385192871e-01,1.479386687278747559e+00
-8.185784220695495605e-01,3.612077832221984863e-01,1.740520715713500977e+00
-3.070452213287353516e-01,5.332774519920349121e-01,-9.111306071281433105e-01
1.931997656822204590e+00,1.191640257835388184e+00,-5.403881072998046875e-01
-3.070445358753204346e-01,5.332775712013244629e-01,-9.111299514770507812e-01
-7.352128624916076660e-01,-5.716826319694519043e-01,3.262880444526672363e-02
-3.070410788059234619e-01,5.332781672477722168e-01,-9.111313819885253906e-01
-7.352216243743896484e-01,-5.716763734817504883e-01,3.262256085872650146e-02
-4.010052978992462158e-01,6.111083030700683594e-01,1.824027299880981445e+00
-7.362100610733032227e-01,-5.716954469680786133e-01,3.264627233147621155e-02
-7.352123856544494629e-01,-5.716824531555175781e-01,3.262869268655776978e-02
-7.352086305618286133e-01,-5.716867446899414062e-01,3.263754770159721375e-02
-3.070345222949981689e-01,5.332781672477722168e-01,-9.111336469650268555e-01
-3.070410788159234619e-01,5.332781972477722168e-01,-9.111313829885253906e-01
-3.070322573184967041e-01,5.332803726196289062e-01,-9.111338853836059570e-01
-3.069763779640197754e-01,5.332987308502197266e-01,-9.111400246620178223e-01
-3.070435523986816406e-01,5.332766175270080566e-01,-9.111309051513671875e-01
-3.070280253887176514e-01,5.332772135734558105e-01,-9.111350774765014648e-01
-3.070441186428070068e-01,5.332781076431274414e-01,-9.111313819885253906e-01
-2.383121252059936523e+00,3.225649356842041016e+00,1.840572237968444824e+00
-3.070350289344787598e-01,5.332766175270080566e-01,-9.111340641975402832e-01
-7.362086305618286133e-01,-5.716867446899414062e-01,3.263754770159721375e-02
-3.070269525051116943e-01,5.332803130149841309e-01,-9.111350774765014648e-01
-3.070410788059234619e-01,5.332781672477722168e-01,-9.111313819885253906e-01
-3.070446252822875977e-01,5.332781672477722168e-01,-9.111301898956298828e-01
-3.069645762443542480e-01,5.332875847816467285e-01,-9.111459851264953613e-01
-3.070289790630340576e-01,5.332870483398437500e-01,-9.111315011978149414e-01
-7.352132797241210938e-01,-5.716797113418579102e-01,3.262625634670257568e-02
-7.352362871170043945e-01,-5.716615319252014160e-01,3.260782733559608459e-02
-3.070331811904907227e-01,5.332809686660766602e-01,-9.111321568489074707e-01
1.308800101280212402e+00,-5.730239748954772949e-01,1.886394262313842773e+00
-3.070434629917144775e-01,5.332776904106140137e-01,-9.111313223838806152e-01
-3.070471882820129395e-01,5.332816839218139648e-01,-9.111279249191284180e-01
-3.070466518402099609e-01,5.332785248756408691e-01,-9.111306071281433105e-01
-3.070463538169860840e-01,5.332784056663513184e-01,-9.111300706863403320e-01
-4.010062813758850098e-01,6.111088395118713379e-01,1.824027061462402344e+00
-3.730441033840179443e-01,7.861423492431640625e-01,1.479387044906616211e+00
-7.352320551872253418e-01,-5.716623067855834961e-01,3.260906413197517395e-02
-7.352297306060791016e-01,-5.716640353202819824e-01,3.261015564203262329e-02
-3.070478737354278564e-01,5.332826972007751465e-01,-9.111282229423522949e-01
-7.352100610733032227e-01,-5.716954469680786133e-01,3.264627233147621155e-02
-3.070393502712249756e-01,5.332782864570617676e-01,-9.111320376396179199e-01
-7.351991534233093262e-01,-5.716974139213562012e-01,3.264132142066955566e-02
-3.070454895496368408e-01,5.332776308059692383e-01,-9.111293554306030273e-01
-3.070425987243652344e-01,5.332802534103393555e-01,-9.111302495002746582e-01
-3.070410788059234619e-01,5.332781672477722168e-01,-9.111313819885253906e-01
-7.352128624916076660e-01,-5.716826319694519043e-01,3.262880444526672363e-02
-3.070451915264129639e-01,5.332781672477722168e-01,-9.111299514770507812e-01
-3.070010788059234619e-01,5.332681672477742168e-01,-9.111313819885253906e-01
-3.070005774497985840e-01,5.332835316658020020e-01,-9.111397862434387207e-01
-3.069986701011657715e-01,5.332893729209899902e-01,-9.111396670341491699e-01
-7.352331280708312988e-01,-5.716615319252014160e-01,3.260806947946548462e-02
-3.070344924926757812e-01,5.332852602005004883e-01,-9.111305475234985352e-01
-9.144686460494995117e-01,7.757519483566284180e-01,1.594484329223632812e+00
1.395800948143005371e+00,-3.309282064437866211e-01,-7.532218694686889648e-01
-7.352128624916076660e-01,-5.716828319694519043e-01,3.262880444526672363e-02
-3.069365024566650391e-01,5.332722067832946777e-01,-9.111555814743041992e-01
-7.352086305618286133e-01,-5.716867446899414062e-01,3.263754770159721375e-02
-3.070462346076965332e-01,5.332805514335632324e-01,-9.111292958259582520e-01
-9.144682884216308594e-01,7.757525444030761719e-01,1.594485163688659668e+00
6.560235023498535156e-01,-9.030442237854003906e-01,2.091220140457153320e+00
-7.352128624916076660e-01,-5.716826319694519043e-01,3.262880444526672363e-02
-3.070478737354278564e-01,5.332826972007751465e-01,-9.111282229423522949e-01
2.973762750625610352e-01,-1.521595239639282227e+00,-1.113330245018005371e+00
-3.070264160633087158e-01,5.332826375961303711e-01,-9.111341238021850586e-01
-3.070249259471893311e-01,5.332818627357482910e-01,-9.111346006393432617e-01
-3.070459365844726562e-01,5.332778692245483398e-01,-9.111302495002746582e-01
-4.775660991668701172e+00,-1.230636239051818848e+00,-4.277238845825195312e+00
8.249856233596801758e-01,-2.407143115997314453e+00,4.101360797882080078e+00
-7.351979017257690430e-01,-5.717007517814636230e-01,3.264586627483367920e-02
-7.352128624916076660e-01,-5.716826319694519043e-01,3.262880444526672363e-02
-2.383120775222778320e+00,3.225649356842041016e+00,1.840572834014892578e+00
-7.352017164230346680e-01,-5.716950297355651855e-01,3.264262154698371887e-02
-7.351981401443481445e-01,-5.717030763626098633e-01,3.265042975544929504e-02
-3.068666756153106689e-01,5.332798361778259277e-01,-9.111621975898742676e-01
-3.070437014102935791e-01,5.332782268524169922e-01,-9.111300706863403320e-01
-3.070379197597503662e-01,5.332787036895751953e-01,-9.111325740814208984e-01
-7.352164983749389648e-01,-5.716800093650817871e-01,3.262616693973541260e-02
-9.144674539566040039e-01,7.757524847984313965e-01,1.594484806060791016e+00
-7.352236509323120117e-01,-5.716730952262878418e-01,3.261733055114746094e-02
-3.070028424263000488e-01,5.332885980606079102e-01,-9.111378192901611328e-01
-7.352337837219238281e-01,-5.716632604598999023e-01,3.261081129312515259e-02
-1.935743331909179688e+00,-1.613695859909057617e+00,-1.863083839416503906e+00
-9.144687652587890625e-01,7.757514715194702148e-01,1.594483375549316406e+00
6.560272574424743652e-01,-9.030463695526123047e-01,2.091194629669189453e+00
-7.352052330970764160e-01,-5.716918706893920898e-01,3.263751417398452759e-02
-3.070327937602996826e-01,5.332793593406677246e-01,-9.111340641975402832e-01
-7.351991534233093262e-01,-5.716974139213562012e-01,3.264132142066955566e-02
-3.070171177387237549e-01,5.332817435264587402e-01,-9.111371636390686035e-01
-1.935743570327758789e+00,-1.613696813583374023e+00,-1.863084554672241211e+00
-3.070435523986816406e-01,5.33287227137780762e-01,-9.111281633377075195e-01
-3.070446252822875977e-01,5.332787036895751953e-01,-9.111306071281433105e-01
-7.352213859558105469e-01,-5.716826319694519043e-01,3.263406455516815186e-02
3.341309309005737305e+00,-2.791849374771118164e-01,-3.837114274501800537e-01
-3.730436265468597412e-01,7.861425876617431641e-01,1.479386925697326660e+00
-7.352128624916076660e-01,-5.716826319694519043e-01,3.262880444526672363e-02
-3.070463538169860840e-01,5.332784056663513184e-01,-9.111300706863403320e-01
-7.352128624916076660e-01,-5.716826319694519043e-01,3.262880444526672363e-02
-7.352128624916076660e-01,-5.716826319694519043e-01,3.263880444526672363e-02
-3.070435523986816406e-01,5.332872271537780762e-01,-9.111281633377075195e-01
-3.070463538169860840e-01,5.332784056663513184e-01,-9.111300706863403320e-01
-3.070463538169860840e-01,5.332784056663513184e-01,-9.111300706863403320e-01
-3.069628775119781494e-01,5.332889556884765625e-01,-9.111467599868774414e-01
-3.070308268070220947e-01,5.332790613174438477e-01,-9.111345410346984863e-01
-3.070410788059234619e-01,5.332781672477722168e-01,-9.111313819885253906e-01
-3.070435523986816406e-01,5.332972271537780762e-01,-9.111281633377075195e-01
-7.352128624916076660e-01,-5.716926319694519043e-01,3.262880444526672363e-02
-7.352128624916076660e-01,-5.716826319694519043e-01,3.262880444526672363e-02
-7.352167963981628418e-01,-5.716774463653564453e-01,3.262299299240112305e-02
-1.935742259025573730e+00,-1.613696813583374023e+00,-1.863085269927978516e+00
-3.069579303264617920e-01,5.333321690559387207e-01,-9.111278057098388672e-01
-3.070478737354278564e-01,5.332826972007751465e-01,-9.111282229423522949e-01
-3.070413470268249512e-01,5.332760214805603027e-01,-9.111320972442626953e-01
-3.070214390754699707e-01,5.332754850387573242e-01,-9.111378192901611328e-01
-3.070431649684906006e-01,5.332776308059692383e-01,-9.111302495002746582e-01
7.980136394500732422e+00,1.335354208946228027e+00,1.045766949653625488e+00
-7.352102398872375488e-01,-5.716863274574279785e-01,3.263240680098533630e-02
-7.352098226547241211e-01,-5.716888308525085449e-01,3.263619542121887207e-02
-3.069316148757934570e-01,5.332739353179931641e-01,-9.111557006835937500e-01
-7.352585792541503906e-01,-5.716489553451538086e-01,3.259776532649993896e-02
-7.352100610733032227e-01,-5.716954469680786133e-01,3.264627233147621155e-02
-3.070410788059264619e-01,5.332781772477722168e-01,-9.111313319885253906e-01
-3.070408999919891357e-01,5.332771539688110352e-01,-9.111321568489074707e-01
-7.352048158645629883e-01,-5.716928839683532715e-01,3.263829648494720459e-02
-7.352248430252075195e-01,-5.716742277145385742e-01,3.262332454323768616e-02
-3.730437457561492920e-01,7.861422896385192871e-01,1.479386806488037109e+00
-7.351982593536376953e-01,-5.716990828514099121e-01,3.264715149998664856e-02
-1.935741782188415527e+00,-1.613696932792663574e+00,-1.863086342811584473e+00
-7.352100610733032227e-01,-5.716954469680786133e-01,3.264627233147621155e-02
-4.010046124458312988e-01,6.111084818840026855e-01,1.824029445648193359e+00
-7.352154254913330078e-01,-5.716829299926757812e-01,3.262943401932716370e-02
-3.070410788059234619e-01,5.332781672477722168e-01,-9.111313819885253906e-01
-7.351906299591064453e-01,-5.717087984085083008e-01,3.265696763992309570e-02
1.931994199752807617e+00,1.191633820533752441e+00,-5.403783917427062988e-01
-3.070453107357025146e-01,5.332778096199035645e-01,-9.111303091049194336e-01
-3.070435523986816406e-01,5.332872271537780762e-01,-9.111281633377075195e-01
6.560304760932922363e-01,-9.030428528785705566e-01,2.091210365295410156e+00
-7.351991534233093262e-01,-5.716974139213562012e-01,3.264132142066955566e-02
-3.070394992828369141e-01,5.332778096199035645e-01,-9.111310243606567383e-01
-3.070450425148010254e-01,5.332795381546020508e-01,-9.111294746398925781e-01
-1.935743808746337891e+00,-1.613696575164794922e+00,-1.863084554672241211e+00
-3.070467114448547363e-01,5.332784652709960938e-01,-9.111299514770507812e-01
-9.144697189331054688e-01,7.757508158683776855e-01,1.594483613967895508e+00
-9.144667983055114746e-01,7.757534980773925781e-01,1.594485282897949219e+00
-3.070463538169860840e-01,5.332784056663513184e-01,-9.111300706863403320e-01
-7.352100610733032227e-01,-5.716954469680786133e-01,3.264627233147621155e-02
-3.070409297943115234e-01,5.332774519920349121e-01,-9.111317992210388184e-01
-3.070456087589263916e-01,5.332783460617065430e-01,-9.111292958259582520e-01
-3.070445656776428223e-01,5.332781076431274414e-01,-9.111307859420776367e-01
-3.070450127124786377e-01,5.332794189453125000e-01,-9.111300706863403320e-01
-3.070189356803894043e-01,5.332785844802856445e-01,-9.111374616622924805e-01
-7.352223396301269531e-01,-5.716757178306579590e-01,3.262345492839813232e-02
-3.068541288375854492e-01,5.332965850830078125e-01,-9.111564755439758301e-01
-3.070289194583892822e-01,5.332793593406677246e-01,-9.111350774765014648e-01
-7.352308630943298340e-01,-5.716642141342163086e-01,3.260884433984756470e-02
-7.352086305618286133e-01,-5.716867446899414062e-01,3.263754770159721375e-02
-3.070436418056488037e-01,5.332782268524169922e-01,-9.111308455467224121e-01
-3.070422112941741943e-01,5.332761406898498535e-01,-9.111313223838806152e-01
-3.070463538169860840e-01,5.332784056663513184e-01,-9.111300706863403320e-01
-3.070081472396850586e-01,5.332821607589721680e-01,-9.111400246620178223e-01
-3.070443272590637207e-01,5.332788228988647461e-01,-9.111301302909851074e-01
-3.070435523986816406e-01,5.332872271537780762e-01,-9.111281633377075195e-01
-7.352084517478942871e-01,-5.716886520385742188e-01,3.263545781373977661e-02
-3.069369494915008545e-01,5.332987308502197266e-01,-9.111457467079162598e-01
4.878263771533966064e-01,1.000534057617187500e+00,7.009801268577575684e-01
-3.070435523986816406e-01,5.332872271537780762e-01,-9.111281633377075195e-01
-7.352128624916076660e-01,-5.716826319694519043e-01,3.262880444526672363e-02
-7.352112531661987305e-01,-5.716852545738220215e-01,3.263320028781890869e-02
-7.352086305618286133e-01,-5.716867446899414062e-01,3.263754770159721375e-02
-3.070435523986816406e-01,5.332872271537780762e-01,-9.111281633377075195e-01
-3.070462048053741455e-01,5.332798957824707031e-01,-9.111294746398925781e-01
-3.070454001426696777e-01,5.332781076431274414e-01,-9.111290574073791504e-01
-3.070478737354278564e-01,5.332826972007751465e-01,-9.111282229423522949e-01
1.308808922767639160e+00,-5.730409622192382812e-01,1.886399149894714355e+00
-3.070431649684906006e-01,5.332798957824707031e-01,-9.111294150352478027e-01
-3.070446550846099854e-01,5.332815647125244141e-01,-9.111291170120239258e-01
-3.070327639579772949e-01,5.332884788513183594e-01,-9.111307263374328613e-01
-3.070032000541687012e-01,5.332776904106140137e-01,-9.111412763595581055e-01
-7.352100610733032227e-01,-5.716954469680786133e-01,3.264627233147621155e-02
-7.352365255355834961e-01,-5.716565251350402832e-01,3.260608762502670288e-02
-3.070397973060607910e-01,5.332801342010498047e-01,-9.111317396163940430e-01
-3.070419132709503174e-01,5.332794785499572754e-01,-9.111310839653015137e-01
-3.070430159568786621e-01,5.332782268524169922e-01,-9.111299514770507812e-01
-3.070424199104309082e-01,5.332798957824707031e-01,-9.111312031745910645e-01
-7.352156043052673340e-01,-5.716761350631713867e-01,3.262552991509437561e-02
-3.730430305004119873e-01,7.861430644989013672e-01,1.479387521743774414e+00
-3.069931864738464355e-01,5.332820415496826172e-01,-9.111427068710327148e-01
-3.069833815097808838e-01,5.332861542701721191e-01,-9.111436009407043457e-01
-7.352257370948791504e-01,-5.716679692268371582e-01,3.261576220393180847e-02
-3.070358633995056152e-01,5.332791209220886230e-01,-9.111332893371582031e-01
-3.070435523986816406e-01,5.332972271537780762e-01,-9.111281633377075195e-01
1.182216525077819824e+00,-4.617895781993865967e-01,-1.076156139373779297e+00
-7.352263331413269043e-01,-5.716689229011535645e-01,3.261749446392059326e-02
-9.144668579101562500e-01,7.757535576820373535e-01,1.594485521316528320e+00
-3.069838583469390869e-01,5.333083868026733398e-01,-9.111344218254089355e-01
1.497960805892944336e+00,-7.940046787261962891e-01,-3.159796297550201416e-01
-7.352250814437866211e-01,-5.716691613197326660e-01,3.261737152934074402e-02
-3.070155382156372070e-01,5.332806110382080078e-01,-9.111391305923461914e-01
-3.070439696311950684e-01,5.332788228988647461e-01,-9.111310839653015137e-01
-3.070368468761444092e-01,5.332788825035095215e-01,-9.111328721046447754e-01
-9.144682288169860840e-01,7.757521867752075195e-01,1.594484686851501465e+00
-3.070463240146636963e-01,5.332794189453125000e-01,-9.111295342445373535e-01
-3.070083558559417725e-01,5.332842469215393066e-01,-9.111379981040954590e-01
-3.070456087589263916e-01,5.332785844802856445e-01,-9.111294150352478027e-01
-7.352180480957031250e-01,-5.716847777366638184e-01,3.263536095619201660e-02
1.497960805892944336e+00,-7.940046787261962891e-01,-3.159796297550201416e-01
-3.070439696311950684e-01,5.332788228988647461e-01,-9.111310839653015137e-01
-7.352099418640136719e-01,-5.716862082481384277e-01,3.263150900602340698e-02
-3.070330321788787842e-01,5.332782864570617676e-01,-9.111331105232238770e-01
-3.069989681243896484e-01,5.332818031311035156e-01,-9.111424088478088379e-01
6.560289263725280762e-01,-9.030486345291137695e-01,2.091191768646240234e+00
6.560263037681579590e-01,-9.030459523200988770e-01,2.091177940368652344e+00
-3.070389628410339355e-01,5.332783460617065430e-01,-9.111316800117492676e-01
-3.069987595081329346e-01,5.332863330841064453e-01,-9.111400842666625977e-01
1.497960805892944336e+00,-7.940046787261962891e-01,-3.159796297550201416e-01
-3.070441782474517822e-01,5.332795381546020508e-01,-9.111300706863403320e-01
-3.070460259914398193e-01,5.332838296890258789e-01,-9.111272692680358887e-01
-7.352331280708312988e-01,-5.716716051101684570e-01,3.261978924274444580e-02
-7.352374196052551270e-01,-5.716584324836730957e-01,3.260693326592445374e-02
1.414797902107238770e+00,-1.889020919799804688e+00,-1.155315160751342773e+00
-3.070412874221801758e-01,5.332771539688110352e-01,-9.111301898956298828e-01
-3.070368468761444092e-01,5.332788825035095215e-01,-9.111328721046447754e-01
-3.070463538169860840e-01,5.332785844802856445e-01,-9.111303091049194336e-01
-5.319371223449707031e-01,-1.597774267196655273e+00,-9.144665598869323730e-01
-9.144672751426696777e-01,7.757529020309448242e-01,1.594485998153686523e+00
-1.349156349897384644e-01,9.171799421310424805e-01,1.994384527206420898e+00
-3.070354163646697998e-01,5.332910418510437012e-01,-9.111282229423522949e-01
-3.070213198661804199e-01,5.332790613174438477e-01,-9.111372232437133789e-01
6.560328006744384766e-01,-9.030430316925048828e-01,2.091209173202514648e+00
-3.070407807826995850e-01,5.332787036895751953e-01,-9.111319184303283691e-01
-3.070412874221801758e-01,5.332771539688110352e-01,-9.111301898956298828e-01
-3.070144355297088623e-01,5.332800149917602539e-01,-9.111387133598327637e-01
-5.319382548332214355e-01,-1.597773075103759766e+00,-9.144686460494995117e-01
-7.352198362350463867e-01,-5.716760754585266113e-01,3.262410685420036316e-02
-3.070247173309326172e-01,5.333021283149719238e-01,-9.111259579658508301e-01
-5.319381952285766602e-01,-1.597772955894470215e+00,-9.144684672355651855e-01
-9.144677519798278809e-01,7.757534980773925781e-01,1.594485878944396973e+00
-3.070213198661804199e-01,5.332773923873901367e-01,-9.111372828483581543e-01
-3.070142865180969238e-01,5.332804322242736816e-01,-9.111384749412536621e-01
-3.070437014102935791e-01,5.332806706428527832e-01,-9.111297130584716797e-01
-3.070169687271118164e-01,5.332846641540527344e-01,-9.111371636390686035e-01
6.560289263725280762e-01,-9.030404686927795410e-01,2.091216802597045898e+00
-3.070450425148010254e-01,5.332774519920349121e-01,-9.111312031745910645e-01
-3.070056736469268799e-01,5.332958698272705078e-01,-9.111345410346984863e-01
-3.070258498191833496e-01,5.332792401313781738e-01,-9.111356139183044434e-01
-3.070427477359771729e-01,5.332777500152587891e-01,-9.111306667327880859e-01
-3.070419132709503174e-01,5.332775115966796875e-01,-9.111311435699462891e-01
-7.352213859558105469e-01,-5.716763734817504883e-01,3.262526541948318481e-02
1.497960805892944336e+00,-7.940046787261962891e-01,-3.159796297550201416e-01
-3.070320188999176025e-01,5.332836508750915527e-01,-9.111325144767761230e-01
-3.070412874221801758e-01,5.332771539688110352e-01,-9.111301898956298828e-01
-2.167695909738540649e-01,3.081388473510742188e+00,-7.950783371925354004e-01
-7.352064847946166992e-01,-5.716863870620727539e-01,3.263524174690246582e-02
-7.352338433265686035e-01,-5.716668963432312012e-01,3.261553123593330383e-02
1.497960805892944336e+00,-7.940046787261962891e-01,-3.159796297550201416e-01
-3.070400655269622803e-01,5.332778692245483398e-01,-9.111323356628417969e-01
-3.070466816425323486e-01,5.332887768745422363e-01,-9.111261963844299316e-01
-3.070119917392730713e-01,5.332801938056945801e-01,-9.111388921737670898e-01
-3.070440590381622314e-01,5.332782864570617676e-01,-9.111296534538269043e-01
-3.070415556430816650e-01,5.332770943641662598e-01,-9.111314415931701660e-01
1.497960805892944336e+00,-7.940046787261962891e-01,-3.159796297550201416e-01
-3.070403337478637695e-01,5.332788825035095215e-01,-9.111317396163940430e-01
-3.070145249366760254e-01,5.332828164100646973e-01,-9.111368060111999512e-01
-7.352225184440612793e-01,-5.716748237609863281e-01,3.262323513627052307e-02
-3.070412874221801758e-01,5.332771539688110352e-01,-9.111301898956298828e-01
-3.070457577705383301e-01,5.332780480384826660e-01,-9.111309647560119629e-01
1.932000994682312012e+00,1.191639780998229980e+00,-5.403868556022644043e-01
-7.351990938186645508e-01,-5.716995000839233398e-01,3.264567628502845764e-02
-3.070354163646697998e-01,5.332910418510437012e-01,-9.111282229423522949e-01
1.395801424980163574e+00,-3.309275507926940918e-01,-7.532214522361755371e-01
-3.070265650749206543e-01,5.332746505737304688e-01,-9.111372828483581543e-01
1.932000994682312012e+00,1.191639780998229980e+00,-5.403868556022644043e-01
-3.068102002143859863e-01,5.333787798881530762e-01,-9.111104011535644531e-01
-3.070361018180847168e-01,5.332790613174438477e-01,-9.111329913139343262e-01
-7.352323532104492188e-01,-5.716697573661804199e-01,3.261703625321388245e-02
1.937869429588317871e+00,-4.213372468948364258e-01,-5.235825181007385254e-01
-3.070368468761444092e-01,5.332788825035095215e-01,-9.111328721046447754e-01
-3.070354163646697998e-01,5.332910418510437012e-01,-9.111282229423522949e-01
-3.070412874221801758e-01,5.332771539688110352e-01,-9.111301898956298828e-01
-3.070252537727355957e-01,5.332792997360229492e-01,-9.111355543136596680e-01
2.925336599349975586e+00,6.801211833953857422e-01,-1.053252577781677246e+00
-3.070466816425323486e-01,5.332887768745422363e-01,-9.111261963844299316e-01
-3.070457875728607178e-01,5.332775115966796875e-01,-9.111293554306030273e-01
-3.069729208946228027e-01,5.332735180854797363e-01,-9.111492037773132324e-01
-3.070448338985443115e-01,5.332782268524169922e-01,-9.111305475234985352e-01
1.251897811889648438e+00,-3.297952115535736084e-01,-8.399324417114257812e-01
-3.070412874221801758e-01,5.332771539688110352e-01,-9.111301898956298828e-01
-7.352202534675598145e-01,-5.716748833656311035e-01,3.261866047978401184e-02
-3.069895207881927490e-01,5.332822203636169434e-01,-9.111436605453491211e-01
1.497960805892944336e+00,-7.940046787261962891e-01,-3.159796297550201416e-01
-3.070405423641204834e-01,5.332792997360229492e-01,-9.111307859420776367e-01
2.775985002517700195e+00,-7.567081451416015625e-01,-7.653632164001464844e-01
-3.069655895233154297e-01,5.332864522933959961e-01,-9.111464023590087891e-01
-3.070354163646697998e-01,5.332910418510437012e-01,-9.111282229423522949e-01
-3.070465028285980225e-01,5.332813858985900879e-01,-9.111279249191284180e-01
1.932000994682312012e+00,1.191639780998229980e+00,-5.403868556022644043e-01
-3.070395886898040771e-01,5.332758426666259766e-01,-9.111335277557373047e-01
-3.069720864295959473e-01,5.332832336425781250e-01,-9.111466407775878906e-01
-7.352198362350463867e-01,-5.716838836669921875e-01,3.263468295335769653e-02
1.932000994682312012e+00,1.191639780998229980e+00,-5.403868556022644043e-01
-3.070463240146636963e-01,5.332779288291931152e-01,-9.111295938491821289e-01
1.395801186561584473e+00,-3.309279680252075195e-01,-7.532218098640441895e-01
-3.069818615913391113e-01,5.332847237586975098e-01,-9.111441969871520996e-01
-3.070072531700134277e-01,5.332815051078796387e-01,-9.111407995223999023e-01
1.497960805892944336e+00,-7.940046787261962891e-01,-3.159796297550201416e-01
-3.069895207881927490e-01,5.332822203636169434e-01,-9.111436605453491211e-01
-7.352068424224853516e-01,-5.716845393180847168e-01,3.263340890407562256e-02
-3.070442378520965576e-01,5.332779288291931152e-01,-9.111304283142089844e-01
-7.352186441421508789e-01,-5.716753005981445312e-01,3.262288495898246765e-02
-3.070183992385864258e-01,5.332787632942199707e-01,-9.111372828483581543e-01
-3.070459663867950439e-01,5.332782864570617676e-01,-9.111296534538269043e-01
-3.070446252822875977e-01,5.332779288291931152e-01,-9.111294150352478027e-01
1.225933790206909180e+00,-4.302817881107330322e-01,-1.846650242805480957e-01
-3.070455491542816162e-01,5.332779288291931152e-01,-9.111297130584716797e-01
-7.352112531661987305e-01,-5.716871619224548340e-01,3.263579681515693665e-02
-7.352204918861389160e-01,-5.716865658760070801e-01,3.263586014509201050e-02
-3.070458769798278809e-01,5.332783460617065430e-01,-9.111302495002746582e-01
-3.070282042026519775e-01,5.332789421081542969e-01,-9.111351370811462402e-01
1.497960805892944336e+00,-7.940046787261962891e-01,-3.159796297550201416e-01
-3.070439994335174561e-01,5.332786440849304199e-01,-9.111314415931701660e-01
-3.070363998413085938e-01,5.332785248756408691e-01,-9.111324548721313477e-01
-3.070412874221801758e-01,5.332771539688110352e-01,-9.111301898956298828e-01
1.438691973686218262e+00,-1.564068078994750977e+00,-1.313521742820739746e+00
-3.730439841747283936e-01,7.861418128013610840e-01,1.479386448860168457e+00
-7.352055907249450684e-01,-5.716875791549682617e-01,3.263534605503082275e-02
-3.069895207881927490e-01,5.332822203636169434e-01,-9.111436605453491211e-01
-3.070451915264129639e-01,5.332787036895751953e-01,-9.111304283142089844e-01
1.497960805892944336e+00,-7.940046787261962891e-01,-3.159796297550201416e-01
-3.070278167724609375e-01,5.332829952239990234e-01,-9.111335873603820801e-01
-3.070439696311950684e-01,5.332788228988647461e-01,-9.111310839653015137e-01
-3.070168793201446533e-01,5.332779884338378906e-01,-9.111387133598327637e-01
-7.351866364479064941e-01,-5.717061758041381836e-01,3.265795856714248657e-02
-3.070397973060607910e-01,5.332778692245483398e-01,-9.111312627792358398e-01
-3.070124685764312744e-01,5.332875251770019531e-01,-9.111366868019104004e-01
1.434360980987548828e+00,-3.707262873649597168e-01,-1.042249321937561035e+00
1.186620593070983887e+00,-2.543990910053253174e-01,-5.571729540824890137e-01
1.497960805892944336e+00,-7.940046787261962891e-01,-3.159796297550201416e-01
-4.010060429573059082e-01,6.111068725585937500e-01,1.824027180671691895e+00
-3.070406615734100342e-01,5.332821607589721680e-01,-9.111307859420776367e-01
-3.070405125617980957e-01,5.332775712013244629e-01,-9.111321568489074707e-01
-3.069739937782287598e-01,5.332501530647277832e-01,-9.111564755439758301e-01
-5.319347381591796875e-01,-1.597775578498840332e+00,-9.144683480262756348e-01
-3.070458173751831055e-01,5.332782864570617676e-01,-9.111293554306030273e-01
-3.070354163646697998e-01,5.332910418510437012e-01,-9.111282229423522949e-01
-3.070279359817504883e-01,5.332797765731811523e-01,-9.111350774765014648e-01
-3.070412874221801758e-01,5.332771539688110352e-01,-9.111301898956298828e-01
-3.069253861904144287e-01,5.332904458045959473e-01,-9.111514091491699219e-01
-3.069895207881927490e-01,5.332822203636169434e-01,-9.111436605453491211e-01
1.497960805892944336e+00,-7.940046787261962891e-01,-3.159796297550201416e-01
-3.070376515388488770e-01,5.332805514335632324e-01,-9.111316204071044922e-01
-3.070222735404968262e-01,5.332741141319274902e-01,-9.111380577087402344e-01
-3.070179820060729980e-01,5.332854390144348145e-01,-9.111359715461730957e-01
-7.352126240730285645e-01,-5.716850161552429199e-01,3.263192251324653625e-02
-3.070452213287353516e-01,5.332785248756408691e-01,-9.111299514770507812e-01
-3.070404827594757080e-01,5.332779288291931152e-01,-9.111312627792358398e-01
1.932007074356079102e+00,1.191642761230468750e+00,-5.403905510902404785e-01
-3.070339560508728027e-01,5.332825183868408203e-01,-9.111326336860656738e-01
-3.070146739482879639e-01,5.332816243171691895e-01,-9.111378788948059082e-01
-4.010052978992462158e-01,6.111080050468444824e-01,1.824027180671691895e+00
-3.070394098758697510e-01,5.332819819450378418e-01,-9.111312627792358398e-01
-3.363791227340698242e+00,4.197337150573730469e+00,3.071864604949951172e+00
-7.352257370948791504e-01,-5.716736912727355957e-01,3.262206539511680603e-02
-3.070329129695892334e-01,5.332782268524169922e-01,-9.111337065696716309e-01
1.497960805892944336e+00,-7.940046787261962891e-01,-3.159796297550201416e-01
-3.070432543754577637e-01,5.332784056663513184e-01,-9.111307263374328613e-01
-3.070392906665802002e-01,5.332803726196289062e-01,-9.111311435699462891e-01
-3.070412874221801758e-01,5.332771539688110352e-01,-9.111301898956298828e-01
-7.352229952812194824e-01,-5.716707706451416016e-01,3.261706978082656860e-02
-3.070431947708129883e-01,5.332800745964050293e-01,-9.111304283142089844e-01
-1.935742020606994629e+00,-1.613697171211242676e+00,-1.863085746765136719e+00
1.497960805892944336e+00,-7.940046787261962891e-01,-3.159796297550201416e-01
-3.069895207881927490e-01,5.332822203636169434e-01,-9.111436605453491211e-01
-7.352129220962524414e-01,-5.716850161552429199e-01,3.263343125581741333e-02
-3.070451915264129639e-01,5.332779288291931152e-01,-9.111301302909851074e-01
-3.070383071899414062e-01,5.332782864570617676e-01,-9.111328125000000000e-01
-7.352353334426879883e-01,-5.716609358787536621e-01,3.260451182723045349e-02
-3.070368468761444092e-01,5.332788825035095215e-01,-9.111328721046447754e-01
-3.070394098758697510e-01,5.332819819450378418e-01,-9.111312627792358398e-01
-3.070354163646697998e-01,5.332910418510437012e-01,-9.111282229423522949e-01
-7.352145314216613770e-01,-5.716804265975952148e-01,3.262882679700851440e-02
-3.069895207881927490e-01,5.332822203636169434e-01,-9.111436605453491211e-01
-5.319392085075378418e-01,-1.597773194313049316e+00,-9.144682288169860840e-01
-7.352128624916076660e-01,-5.716828703880310059e-01,3.262830525636672974e-02
-3.070381581783294678e-01,5.332796573638916016e-01,-9.111309051513671875e-01
-3.070412874221801758e-01,5.332771539688110352e-01,-9.111301898956298828e-01
-1.935742855072021484e+00,-1.613695979118347168e+00,-1.863084316253662109e+00
