0,1,2,year,country,distance
-0.9818116426467896,0.6370153427124023,-0.41900748014450073,2002,PAN,3.2348643421897285
0.883019745349884,1.4211783409118652,1.1101624965667725,2002,DJI,3.5253509285456968
0.46143004298210144,-1.5277398824691772,1.3169268369674683,2002,NLD,0.9806542699779816
-0.0426720306277275,-1.2509397268295288,1.8207950592041016,2002,ISR,1.6723728033802494
-1.4420411586761475,0.09930794686079024,-0.6677752733230591,2002,BRB,3.170967567749868
0.8830185532569885,1.4211796522140503,1.1101617813110352,2002,KHM,3.5253519917485754
0.14105866849422455,-0.7345274686813353,-0.12218697369098663,2002,THA,1.5092030838878996
-0.3294406831264496,-1.7735949754714964,1.3659940958023071,2002,NZL,1.3008988617906216
-1.3646825551986694,1.3416132926940916,2.441150665283203,2002,NIC,4.366423558046254
-0.32944023609161377,-1.7735986709594727,1.3659919500350952,2002,WSM,1.3008963498912283
-0.22063258290290833,-0.764756441116333,-0.3067222237586975,2002,PSE,1.7085431064622032
0.17443354427814484,-1.9007613658905027,0.7472359538078309,2002,GBR,0.511856103230057
-0.981813371181488,0.6370149850845337,-0.419005423784256,2002,CMR,3.2348643115549747
-3.1873395442962646,1.6505382061004639,-1.260499358177185,2002,CHE,5.565130738245488
1.2827098369598389,0.3428083062171936,-0.08055820316076279,2002,QAT,2.5421027372303286
-0.21249318122863767,-0.8914241790771484,-0.0600341334939003,2002,LBN,1.5058192121323375
-0.9818295240402221,0.6369426250457764,-0.4190177321434021,2002,CRI,3.234815825655924
0.7555277347564697,0.9535331130027771,1.410292625427246,2002,ARG,3.133300277368037
-0.9818565845489501,0.6367942690849304,-0.41898560523986816,2002,AZE,3.234697352397682
0.1948135942220688,-1.0418859720230103,-0.3668520748615265,2002,ARE,1.3728611675526707
-0.3294334411621094,-1.7735803127288818,1.3660045862197876,2002,HRV,1.3009037514960122
-3.1873557567596436,1.650524020195007,-1.2605146169662476,2002,SVN,5.565137156430397
-0.8974277377128601,-2.1816158294677734,-0.9001996517181396,2002,MYS,2.0447170018992735
-0.04267207905650139,-1.2509487867355347,1.8207937479019165,2002,CZE,1.6723675187261193
0.19481331110000608,-1.041885495185852,-0.36685216426849365,2002,OMN,1.3728616516203715
-0.9818092584609984,0.636978805065155,-0.4189954400062561,2002,COG,3.2348295924124257
0.8830193281173706,1.4211790561676023,1.1101619005203247,2002,VNM,3.5253514912573873
-0.22063256800174713,-0.7647563219070436,-0.3067223131656647,2002,LAO,1.7085432298065182
-1.3646821975708008,1.3416128158569336,2.441150188446045,2002,MKD,4.36642281543181
-4.327167987823486,-2.51243257522583,-0.26645126938819885,2002,PLW,5.0027798901952325
0.7555197477340697,0.9535329341888429,1.4103084802627563,2002,MLT,3.1333043562280043
0.8830195665359497,1.4211789369583128,1.1101617813110352,2002,NGA,3.5253513727958006
-0.9818120598793029,0.6370103359222412,-0.41900685429573054,2002,AGO,3.2348602307458396
0.755521595478058,0.9535223841667176,1.4103351831436155,2002,JPN,3.1333022262022734
0.17443452775478363,-1.9007638692855833,0.747233510017395,2002,FRA,0.5118533980539091
-0.3294476270675659,-1.7736117839813232,1.3659799098968504,2002,DEU,1.3008908365882537
-3.1873621940612793,1.6505180597305296,-1.2605210542678833,2002,BHS,5.565139606719917
-2.112294912338257,-0.3563131093978882,2.4356791973114014,2002,EST,3.7340048303314584
0.7555140256881714,0.9535452127456664,1.4102939367294312,2002,SAU,3.133311510551206
-2.1122946739196777,-0.3563128411769867,2.4356780052185054,2002,UZB,3.7340041569492346
-0.9818243384361267,0.6370303630828857,-0.41901957988739014,2002,GEO,3.234886347847508
-0.04267212748527526,-1.250939965248108,1.820789098739624,2002,ROU,1.6723679842744652
-1.4420297145843504,0.09931637346744536,-0.667765200138092,2002,SVK,3.1709622157091197
-1.4420375823974607,0.09931198507547379,-0.667771577835083,2002,SGP,3.1709666419103577
-0.9818110466003418,0.6370121240615845,-0.4190074205398559,2002,HTI,3.2348613740526226
2.040703535079956,4.716488838195801,1.113272190093994,2002,MLI,6.934726169007395
-3.1873440742492676,1.650534987449646,-1.2605023384094238,2002,NER,5.565132621676111
-0.21249267458915713,-0.891423761844635,-0.060033805668354034,2002,RUS,1.50581913814722
-1.3646814823150635,1.3416122198104858,2.441150665283203,2002,BIH,4.366422246253612
1.3743165731430051,0.30531203746795654,0.5114046931266785,2002,DZA,2.46876040287658
3.313401222229004,5.011605262756347,3.3568530082702637,2002,SDN,8.080490036419924
-2.1122939586639404,-0.3563134968280792,2.4356796741485596,2002,LVA,3.7340042129138578
-0.9818251729011536,0.636995792388916,-0.41901257634162903,2002,PER,3.2348562082031416
0.3052579462528229,-0.8840725421905516,-0.6915895938873291,2002,IRN,1.6761087926685196
-0.9818105697631837,0.6370161175727844,-0.4190073609352112,2002,MOZ,3.23486442621655
-0.21249280869960785,-0.8914247155189513,-0.06003380939364433,2002,NAM,1.505818485797146
3.101325750350952,-4.262711048126221,-2.1313843727111816,2002,IRQ,4.254842161071963
-0.9818257093429564,0.6369460821151733,-0.4190107583999634,2002,MUS,3.234814864610408
-0.04267681762576103,-1.2509456872940063,1.8208024501800537,2002,AUS,1.6723777096039412
2.0407047271728516,4.716486930847168,1.1132739782333374,2002,PRY,6.934724720708696
-0.3294419348239898,-1.773598313331604,1.365992784500122,2002,VCT,1.3008981918954043
-1.979225277900696,-1.304649233818054,0.8090204000473022,2002,AND,2.69563513885837
-0.32943177223205566,-1.773581624031067,1.366005301475525,2002,AUT,1.3009027812857752
-0.9818084239959717,0.6369826793670654,-0.4190063774585724,2002,GNQ,3.2348354610152046
-0.2206324487924576,-0.7647566199302673,-0.3067223131656647,2002,CHN,1.7085429509274161
0.17443373799324036,-1.9007657766342163,0.7472330331802368,2002,PHL,0.5118532990667348
-0.22063295543193817,-0.7647578716278077,-0.30672314763069153,2002,JOR,1.7085426496580711
-0.2124924659729004,-0.8914240002632141,-0.06003358960151672,2002,NOR,1.5058187659448092
0.46143046021461487,-1.527739644050598,1.3169269561767578,2002,DNK,0.9806544374591892
0.8830193281173706,1.4211779832839964,1.1101620197296143,2002,MAR,3.5253504597357432
-0.21249285340309143,-0.8914241790771484,-0.06003406643867493,2002,SMR,1.5058190118015518
-0.22063247859477997,-0.7647565603256226,-0.3067222535610199,2002,BFA,1.7085429817637623
-0.2206326127052307,-0.764756977558136,-0.3067224323749542,2002,BLR,1.7085428184275508
0.17443548142910004,-1.9007593393325803,0.7472336888313292,2002,CAN,0.5118539114406011
0.8830195069313049,1.4211788177490234,1.1101622581481931,2002,TUN,3.5253513349029424
0.8830193281173706,1.4211789369583128,1.110161542892456,2002,GMB,3.5253513113749184
-0.9818149209022522,0.6369689702987671,-0.4190017282962799,2002,TJK,3.234825989305353
-1.979203701019287,-1.3046423196792603,0.8090446591377257,2002,STP,2.6956192842307978
-0.9818103909492493,0.6370115876197815,-0.41900682449340815,2002,SUR,3.2348604434985138
-3.1873419284820557,1.65053653717041,-1.2605019807815552,2002,LIE,5.565132077658868
0.7555012106895447,0.9535397291183472,1.4103115797042847,2002,GIN,3.133310804420801
-0.9818070530891417,0.636983335018158,-0.4189935326576233,2002,KOR,3.2348317262608295
-0.9818071722984314,0.6369801163673401,-0.4190015196800232,2002,POL,3.2348313673229905
-0.3294288218021393,-1.7735724449157715,1.3660136461257935,2002,SWE,1.3009081650304066
-1.9792182445526123,-1.3046468496322632,0.8090153336524963,2002,MEX,2.6956284695014068
-0.9818360209465027,0.637010931968689,-0.41902244091033936,2002,BGD,3.2348767837028585
-0.9818071126937865,0.636904776096344,-0.41905924677848816,2002,RWA,3.2347852738716085
-0.22063268721103668,-0.764756977558136,-0.3067225515842438,2002,BRA,1.7085429095776066
-0.9818144440650941,0.6370072960853577,-0.4190123379230499,2002,BRN,3.234860420588411
-0.9818536043167113,0.6370247602462769,-0.4189252257347107,2002,MCO,3.234869478636186
-0.3294368088245392,-1.77358877658844,1.3659995794296265,2002,KWT,1.300901057659574
0.1744343340396881,-1.9007601737976072,0.7472383975982666,2002,ESP,0.5118570010672091
-0.21249252557754517,-0.8914236426353455,-0.06003372743725777,2002,BEL,1.5058191203596898
0.8830203413963318,1.4211777448654175,1.1101630926132202,2002,NPL,3.525350497375503
-2.112295389175415,-0.35631340742111206,2.4356780052185054,2002,LTU,3.734004420685061
-0.9818109273910521,0.6370155811309814,-0.41900661587715154,2002,URY,3.234863947793105
-0.2124924063682556,-0.8914241194725037,-0.06003330275416374,2002,FIN,1.5058185385375065
0.8830186724662781,1.4211796522140503,1.1101613044738767,2002,BHR,3.5253519175624985
-1.4420233964920044,0.09932400286197662,-0.6677584052085876,2002,DOM,3.170960816608756
0.7930477857589722,0.09678388386964797,0.52454674243927,2002,ISL,2.1434122349232347
-0.21249297261238095,-0.891423761844635,-0.060033902525901794,2002,JAM,1.5058193333726084
0.19481360912323,-1.0418859720230103,-0.366852194070816,2002,EGY,1.3728612375870577
0.8830190300941467,1.4211796522140503,1.1101622581481931,2002,TUR,3.5253521145902744
0.7555208206176759,0.9535354375839232,1.4103009700775146,2002,YEM,3.1333045941142124
-1.364680290222168,1.3416115045547483,2.441153049468994,2002,GNB,4.366422223212416
-0.981817066669464,0.6370235085487366,-0.4190139770507813,2002,SEN,3.2348755622124603
-0.04267925024032593,-1.2509397268295288,1.820798635482788,2002,HUN,1.6723784036378795
-0.32943832874298096,-1.773590326309204,1.3659979104995728,2002,IRL,1.300900699840717
-0.9818076491355897,0.6369816660881042,-0.41899430751800537,2002,TKM,3.2348308548462805
-0.04267255961894989,-1.2509477138519287,1.8207879066467283,2002,PRT,1.6723635573520472
-1.0050612688064575,-0.6256965398788452,0.4439252614974975,2002,LUX,2.1343401064357588
-0.9818317294120789,0.6369993090629578,-0.41898003220558167,2002,PAK,3.2348531694739293
0.46143001317977905,-1.5277400016784668,1.3169270753860471,2002,BGR,0.9806544132204329
-1.4420255422592163,0.09932263940572739,-0.6677610278129578,2002,UKR,3.1709622338838828
-0.9818108081817627,0.6370118856430054,-0.4190078675746918,2002,UGA,3.2348611863054617
2.7542130947113037,-2.474759101867676,-1.4018601179122925,2002,SYR,2.903581233162373
-1.005061388015747,-0.6256961822509766,0.4439249634742737,2002,VUT,2.134340438725218
0.32875943183898926,-1.0461074113845823,-0.42489248514175415,2002,TZA,1.374712843826141
-0.9818140864372252,0.6370094418525696,-0.4190051257610321,2002,MNG,3.2348599940304297
-0.04266776517033577,-1.2509490251541135,1.820790648460388,2002,ALB,1.672363294266097
-0.9818049669265747,0.6369842886924744,-0.4189950227737426,2002,DMA,3.234831916207602
0.8830187916755676,1.4211794137954712,1.1101619005203247,2002,MRT,3.525351798300991
0.17443424463272095,-1.9007635116577148,0.7472383975982666,2002,GRC,0.511856184859998
0.8830195069313049,1.4211785793304443,1.1101622581481931,2002,CHL,3.525351101013844
0.19481272995471952,-1.041885495185852,-0.3668523132801056,2002,IDN,1.3728619141017777
2.0407025814056396,4.716488361358643,1.1132713556289673,2002,CYP,6.9347254308068464
-1.4420210123062132,0.09932750463485716,-0.6677543520927429,2002,KAZ,3.170960164728988
-3.687934398651123,0.6300850510597229,2.3799705505371094,2002,MDA,5.388223736246945
-0.32943427562713623,-1.7735830545425415,1.3660027980804443,2002,ITA,1.3009025845769853
-0.6035984754562378,-3.0595593452453613,-1.2796683311462402,2002,CUB,2.369233383628419
0.5952425599098206,-2.0371978282928462,0.4897451102733612,2002,USA,0.0
-0.9818279147148132,0.6369577646255493,-0.41895556449890137,2005,ESP,1.9562052295205585
0.7930472493171691,0.09678404778242113,0.5245456099510193,2005,PRT,1.2862991965548485
0.8830199241638184,1.4211784601211548,1.1101624965667725,2005,ISR,2.6554035199295103
1.282705545425415,0.3428131341934204,-0.0805923119187355,2005,SDN,1.713185502928424
0.8852319717407228,-1.6616935729980469,1.1282737255096436,2005,IRL,1.5057200417076226
0.5952421426773071,-2.0371615886688232,0.4897624552249909,2005,FRA,1.29773288354565
0.8852946758270264,-1.6617183685302734,1.1282446384429932,2005,IRQ,1.5057442417544211
1.2827321290969849,0.3428298234939575,-0.08057685196399687,2005,ARE,1.7132142832242898
-0.9818278551101685,0.637021541595459,-0.41901865601539606,2005,MDA,1.9562714468154763
-0.9818270206451416,0.6369431614875793,-0.419013112783432,2005,ZAF,1.9562078729905386
-1.44205105304718,0.09929832816123961,-0.6677860021591187,2005,PRK,1.9982937430748702
-0.981811285018921,0.6370147466659546,-0.4190072417259216,2005,TCD,1.9562538841435575
-1.2961789369583128,-1.0218580961227417,-2.08096694946289,2005,ZWE,2.583851917157721
0.4614296555519104,-1.527739644050598,1.3169273138046265,2005,ROU,1.4290522126264575
0.46142822504043574,-1.5277374982833862,1.3169268369674683,2005,GBR,1.4290505166855454
0.4962367117404938,-1.0392693281173706,-0.16047511994838715,2005,BIH,0.46836307199017013
1.3743081092834473,0.30529141426086426,0.5114336013793945,2005,PAK,1.7963133077320186
-3.1873419284820557,1.6505358219146729,-1.2605035305023191,2005,MMR,4.385660031069327
1.374279260635376,0.30531570315361023,0.5114004611968994,2005,BHR,1.7963014732687022
0.7930474877357483,0.09678459167480469,0.5245463252067566,2005,JPN,1.2862999923929541
-0.9818329811096193,0.6370304822921753,-0.4190112352371216,2005,COD,1.9562794765874854
-0.9818450808525084,0.6369834542274475,-0.4189279675483704,2005,SVN,1.9562280760200206
-0.9818317890167236,0.6369417309761047,-0.4190170764923096,2005,UZB,1.9562104347621663
2.0892276763916016,-0.07769056409597397,-1.0984394550323486,2005,YEM,2.440228642760139
0.14105841517448425,-0.7345273494720459,-0.12218719720840454,2005,MKD,0.2631124232993724
3.3134026527404785,5.0116047859191895,3.3568520545959473,2005,BGD,7.479409480900977
-3.1873440742492676,1.6505342721939087,-1.2605042457580566,2005,UGA,4.3856609641058295
1.37430202960968,0.30533409118652344,0.511397123336792,2005,TUR,1.796328968521138
-1.4420201778411863,0.09932872653007509,-0.6677544116973877,2005,RUS,1.9982730934346928
1.2827115058898924,0.34279391169548035,-0.08058249205350876,2005,MAR,1.7131746682296518
1.282710075378418,0.3428221940994262,-0.08059004694223403,2005,BEN,1.713194961072024
3.7791810035705566,-2.39516544342041,-1.4815115928649902,2005,IRN,4.250913331420838
2.0892274379730225,-0.0776900127530098,-1.0984402894973755,2005,LAO,2.4402290390573715
-3.1873419284820557,1.6505357027053833,-1.2605011463165283,2005,ARG,4.385659233646066
0.8852436542510985,-1.661710500717163,1.1282895803451538,2005,DEU,1.505745583015614
-0.9818097949028016,0.6369830965995789,-0.4189910888671875,2005,CAN,1.9562240248172025
-1.8618239164352417,-4.026077747344971,-2.341912269592285,2005,CUB,4.419404722095281
0.46142998337745667,-1.5277401208877563,1.3169273138046265,2005,AUS,1.4290525000782983
1.3743062019348145,0.305325984954834,0.5114002227783203,2005,KWT,1.7963271827103922
-0.9818217754364013,0.6370142102241516,-0.41901546716690063,2005,NPL,1.956261448789965
0.8852905631065368,-1.6617298126220703,1.1282484531402588,2005,HUN,1.5057505711640258
-0.9818216562271118,0.636942446231842,-0.41901645064353943,2005,NER,1.9562051449774904
-1.4420305490493774,0.09931888431310652,-0.6677639484405518,2005,BRA,1.99827981317266
0.538152813911438,-0.8288952708244324,-0.5548608899116516,2005,LUX,0.7641349362258197
0.7186462879180908,0.2132627964019775,0.11210826784372328,2005,COM,1.268189324000227
-1.44202983379364,0.09931886941194534,-0.6677640676498413,2005,CHN,1.9982792920700267
0.665202260017395,1.6761451959609983,-1.7357090711593628,2005,PNG,3.200494598739708
-0.9818230867385864,0.6370311975479126,-0.4190209209918976,2005,MLT,1.9562769443168717
0.6652024984359741,1.6761441230773924,-1.7357091903686523,2005,SLV,3.200493842601317
-0.9818125963211061,0.637009859085083,-0.4190071225166321,2005,LVA,1.9562507434299474
-0.9818106889724733,0.6370113492012024,-0.41900691390037537,2005,CYP,1.9562507915864393
1.3742763996124268,0.3053096532821655,0.5114025473594666,2005,SYR,1.7962959049436615
-0.10300207138061523,-1.1565961837768555,-0.4094907343387604,2005,KOR,0.5926759783058487
0.7186459898948669,0.21326333284378052,0.11210907995700836,2005,TUN,1.2681896762076779
-0.9818114638328552,0.6370151042938232,-0.4190073907375336,2005,KHM,1.956254304023989
0.718646228313446,0.21326316893100736,0.11210863292217255,2005,GIN,1.2681896332115896
0.7930478453636169,0.0967852920293808,0.5245447158813477,2005,GMB,1.2863001666673781
0.7186471223831177,0.21326223015785217,0.11210770905017851,2005,GRC,1.2681892065903253
0.8830189108848571,1.4211785793304443,1.1101621389389038,2005,LBN,2.6554031931690916
-0.9818150401115416,0.6370065808296204,-0.4190075099468231,2005,NLD,1.9562496346821057
0.6652023196220398,1.6761447191238403,-1.7357091903686523,2005,SMR,3.2004942922873467
0.41989052295684814,-0.97245854139328,-0.7219138145446777,2005,JOR,0.8586725747361047
-1.4420233964920044,0.09932515770196915,-0.6677579283714294,2005,TZA,1.9982751289690681
-0.9816090464591981,0.6366197466850281,-0.41890701651573187,2005,BLZ,1.9558038378914788
0.5381532311439514,-0.8288958668708801,-0.5548606514930725,2005,BGR,0.7641349106605265
0.6652028560638428,1.6761448383331299,-1.7357097864151,2005,FJI,3.2004948180754114
-0.981830894947052,0.6368840932846069,-0.4189925491809845,2005,NOR,1.9561583252027184
-0.9818124771118163,0.6370150446891785,-0.41900771856307983,2005,KAZ,1.9562549098410922
-1.4420380592346191,0.09931056201457976,-0.6677729487419128,2005,KEN,1.9982848622369425
0.7186464667320251,0.21326300501823425,0.11210820078849792,2005,EGY,1.2681895906085807
-0.9818437099456789,0.6370101571083069,-0.4190202057361602,2005,ITA,1.9562717885603378
-1.4420323371887207,0.09931728243827821,-0.667766809463501,2005,UKR,1.998281473941123
0.11735334992408752,-0.9028165340423585,0.07867337018251419,2005,USA,0.0
1.2827314138412476,0.34280622005462646,-0.08055108040571213,2005,QAT,1.7131942397313238
0.8852663636207581,-1.661699891090393,1.1282821893692017,2005,SVK,1.5057466651212181
1.2827709913253784,0.34276238083839417,-0.08061576634645462,2005,DZA,1.7131953015056414
0.24062971770763397,-0.7300278544425964,-0.34866732358932495,2005,TLS,0.47715098156152863
0.7930475473403931,0.0967842787504196,0.5245455503463745,2005,MUS,1.2862995119341847
3.002758741378784,-1.789941906929016,-1.6600487232208252,2005,LBY,3.4836346275612793
1.2827910184860227,0.3427959680557251,-0.0805574283003807,2005,MRT,1.7132279217522774
0.7930478453636169,0.09678459167480469,0.5245459079742432,2005,EST,1.2863000356289884
-0.9818113446235656,0.6370165348052979,-0.41900795698165894,2005,KGZ,1.9562555071014418
-1.364680290222168,1.3416111469268799,2.441153049468994,2005,WSM,3.5798309402355386
-3.187346220016479,1.6505310535430908,-1.2605074644088743,2005,GNQ,4.3856616899084555
-1.4420251846313477,0.09932299703359605,-0.6677601933479309,2003,TUV,4.670047614155601
0.461429625749588,-1.5277392864227295,1.3169271945953367,2003,UKR,2.463818579247382
-0.9818683266639708,0.6367415189743042,-0.4189164340496063,2003,BIH,4.942658201327903
0.2962223291397095,-0.8865516781806946,-0.3683127164840698,2003,MYS,3.3768285625386985
0.5811223983764648,-1.1747263669967651,-0.6215732097625732,2003,MEX,3.2660962742872606
2.7542099952697754,-2.474759101867676,-1.4018595218658447,2003,YEM,3.872216703492983
0.5952452421188354,-2.0371556282043457,0.489786833524704,2003,WSM,2.04520828717106
-1.442016363143921,0.0993318036198616,-0.6677514314651489,2003,BEN,4.670049084205373
-0.9818120598793029,0.6370145082473755,-0.4190084040164947,2003,CIV,4.9429260867599725
1.3743095397949219,0.30529358983039856,0.511424720287323,2003,NOR,4.466564870848255
0.08858992159366608,-0.6922208666801453,-0.2987653315067291,2003,PNG,3.523909425856245
-0.9818128943443297,0.6370118260383606,-0.41900867223739624,2003,LAO,4.942923863098109
-3.687934398651123,0.6300856471061707,2.3799707889556885,2003,UZB,6.117319843256541
1.3743146657943723,0.30530449748039246,0.5114155411720276,2003,AGO,4.466577771743797
-3.1873507499694824,1.6505284309387207,-1.2605080604553223,2003,BLZ,6.906978992217739
0.5951741337776184,-2.037320137023926,0.48968076705932617,2003,KWT,2.0450664183189584
0.6998547315597534,-1.057303547859192,-1.0039887428283691,2003,CHN,3.587163556763342
-3.187342882156372,1.6505334377288818,-1.2605071067810059,2003,MOZ,6.9069789542602065
-0.9818047881126405,0.6369851231575012,-0.41899776458740234,2003,IDN,4.942894025015
2.089233875274658,-0.07769168168306351,-1.0984450578689575,2003,LTU,4.837252939171528
-0.9818146228790284,0.6370067596435547,-0.41901248693466187,2003,SUR,4.942920670719815
0.5811231732368469,-1.174726963043213,-0.621573269367218,2003,FRA,3.2660959035543464
-0.9818106889724733,0.637016236782074,-0.41900748014450073,2003,PRK,4.942927110738708
-0.9818111658096312,0.6370161175727844,-0.4190083146095276,2003,KNA,4.94292735321729
-0.9818077087402344,0.6369849443435669,-0.4189920425415039,2003,URY,4.942892834274952
-1.3646806478500366,1.3416117429733276,2.441152334213257,2003,GNB,5.679650184713751
0.793047308921814,0.09678347408771515,0.5245464444160461,2003,THA,4.135200190927582
1.3743075132369995,0.3052940368652344,0.5114313960075378,2003,DNK,4.466563950840317
0.5811219215393066,-1.1747267246246336,-0.6215730309486389,2003,EGY,3.266095813996047
0.5811235904693604,-1.1747279167175293,-0.6215725541114807,2003,BRA,3.2660947864335372
0.5811229944229126,-1.174728751182556,-0.6215721368789673,2003,SAU,3.2660937831684955
-1.4420208930969238,0.09932894259691238,-0.6677539348602295,2003,BRB,4.670049042996392
0.5952441692352295,-2.0371744632720947,0.48976731300354,2003,TLS,2.0451956070769577
-1.4420534372329712,0.09929529577493669,-0.6677888631820679,2003,VEN,4.670043565212101
-0.9818109869956969,0.6370115280151367,-0.419007271528244,2003,COM,4.9429227436399525
-0.9818128943443297,0.6370097994804382,-0.419005662202835,2003,MDA,4.942921095273812
0.5049194693565369,-0.8519151210784912,-0.37259218096733093,2003,ISL,3.4263684647356
1.374302625656128,0.3053092360496521,0.5114237070083618,2003,JAM,4.466577987621572
0.1948126256465912,-1.0418846607208252,-0.36685267090797424,2003,AND,3.2322708526042323
-0.18692229688167572,-0.8516513705253601,-3.6648550033569336,2003,CUB,5.640740781334943
0.6652020812034607,1.6761447191238403,-1.7357089519500732,2003,PHL,6.297175236407194
-0.9818345308303832,0.6370173692703247,-0.41902318596839905,2003,YUG,4.9429381655241675
0.5811233520507812,-1.174727439880371,-0.6215729713439941,2003,BGD,3.266095371154624
0.8852723836898804,-1.6617116928100584,1.1282670497894287,2003,JPN,2.413545202457964
-0.9818151593208314,0.637010395526886,-0.41900473833084106,2003,SEN,4.9429218881479935
0.8852910995483398,-1.6617069244384763,1.12825870513916,2003,PRT,2.4135552369667597
-0.49557775259017944,-3.3597946166992188,-1.5189508199691772,2003,IRQ,2.6970668479185966
0.5952956676483154,-2.0371158123016357,0.4897737503051758,2003,BEL,2.045260461512194
-1.3646801710128784,1.3416113853454588,2.441152811050415,2003,FIN,5.679649843502785
0.793048620223999,0.09678377211093903,0.5245439410209656,2003,GAB,4.135201001250694
-2.5710647106170654,-4.504793167114258,-1.5700702667236328,2003,NRU,3.7960243624758507
0.5811244249343872,-1.1747283935546875,-0.6215723156929016,2003,SWE,3.2660943740721304
-1.4420416355133057,0.09930816292762756,-0.6677759885787964,2003,LIE,4.670046053185672
-0.9818108081817627,0.6370123028755188,-0.41900780797004694,2003,LBR,4.942923580747321
0.8276394605636597,4.603644847869873,4.489124774932861,2003,HTI,9.253737059893345
0.133809894323349,-3.9534173011779785,1.0355849266052246,2003,USA,0.0
1.4062113761901855,-2.222116708755493,-3.2422294616699214,2003,ZWE,4.7870766875947615
0.7555305957794188,0.953534424304962,1.410275101661682,2003,TON,4.960353273117034
0.8830205202102661,1.4211783409118652,1.110163331031799,2003,MLI,5.427076267781744
-5.494349956512451,1.292701244354248,3.6410491466522217,2003,PLW,8.123200533181631
1.3555346727371216,3.127682685852051,-2.1453473567962646,2003,CHE,7.85830252994199
1.2826921939849851,0.34278568625450134,-0.08057770878076553,2003,SYC,4.5850964740484335
0.5811222791671753,-1.1747279167175293,-0.6215728521347046,2003,TTO,3.2660947580537396
0.8853126168251036,-1.6617143154144287,1.1282527446746826,2003,ESP,2.413554689952327
0.7555394768714904,0.9535180330276488,1.410324454307556,2003,MLT,4.9603418996591095
-0.9818125367164613,0.6369808316230774,-0.41898810863494873,2003,BDI,4.9428889468721025
0.8852258920669556,-1.661686897277832,1.128320574760437,2003,POL,2.413556327551548
0.419890969991684,-0.9724587798118592,-0.7219140529632568,2003,DZA,3.4722843707198128
0.7554964423179625,0.9535649418830872,1.41025173664093,2003,ZAF,4.96037741671099
2.0892350673675537,-0.07769177854061127,-1.0984439849853516,2003,LBN,4.837252870142526
-3.687933921813965,0.6300850510597229,2.3799705505371094,2003,ISR,6.117319046362309
1.28275465965271,0.34277504682540894,-0.08057262003421783,2003,TJK,4.585100918599369
-1.979197025299072,-1.3046400547027588,0.8090311288833617,2003,KGZ,3.395901318807612
0.8853260278701782,-1.6617109775543213,1.128223180770874,2003,BGR,2.4135609001748213
-0.6263558268547058,-1.4457900524139404,-0.8981937766075134,2003,PSE,3.256615791799393
-0.9818105697631837,0.6370126605033875,-0.4190061092376709,2003,TZA,4.942923359161575
0.19481277465820312,-1.041885495185852,-0.3668525218963623,2003,GRC,3.2322700391013997
1.2827519178390503,0.342774361371994,-0.08059401810169219,2003,TUN,4.585104798297559
-0.981810748577118,0.6370153427124023,-0.41900765895843506,2003,CAF,4.9429263465013165
0.793047308921814,0.09678414463996889,0.5245463252067566,2003,PAN,4.13520086242876
1.2828084230422971,0.34276798367500305,-0.08055129647254944,2003,VNM,4.585102582195072
1.2827162742614746,0.34280166029930115,-0.08060110360383987,2003,GIN,4.58512317052152
0.5952587127685547,-2.0371153354644775,0.4898168742656708,2003,CAN,2.045241062270268
1.3743014335632324,0.3052966594696045,0.5114201307296753,2003,LUX,4.466566084899631
1.3742798566818235,0.30531972646713257,0.5114166736602783,2003,AUT,4.466582491742933
2.0892369747161865,-0.07769060879945755,-1.0984375476837158,2003,BWA,4.837251738489459
-0.9818063378334044,0.6369784474372864,-0.41900411248207087,2003,CPV,4.94289004318219
0.885275661945343,-1.6617006063461304,1.1282840967178345,2003,DMA,2.413557404624611
0.8852583169937135,-1.661709189414978,1.1282730102539062,2003,SVK,2.413543428717325
0.4614311456680298,-1.5277400016784668,1.3169245719909668,2003,HRV,2.463817777699007
0.8852599263191222,-1.6617152690887451,1.1282804012298584,2003,NPL,2.4135384408548908
1.2827571630477903,0.3427586257457733,-0.08057861775159836,2003,BFA,4.585087619570611
-0.9818319082260133,0.6368964910507202,-0.41903311014175415,2003,COD,4.942828236500864
1.2827624082565308,0.34275034070014954,-0.08056870102882385,2003,ATG,4.585078756888991
0.5811225175857544,-1.1747277975082395,-0.6215720772743225,2003,DEU,3.2660944989760035
-0.2975800633430481,-2.74361515045166,-1.2065651416778564,2003,BLR,2.583980547175088
0.5811226963996887,-1.1747267246246336,-0.6215732097625732,2003,COG,3.266096010845018
1.727278709411621,-1.3921709060668943,-1.051443099975586,2003,QAT,3.6680801442801294
-0.9818369150161744,0.6369806528091431,-0.41902622580528254,2003,MDG,4.942905500196785
0.5952458381652832,-2.037132978439331,0.48977577686309814,2003,ITA,2.04523259405512
-1.3646824359893799,1.3416134119033811,2.441150426864624,2003,ZMB,5.679651740379899
2.7542107105255127,-2.4747581481933594,-1.4018596410751343,2003,IRN,3.872217626731825
0.5381523966789246,-0.8288948535919188,-0.5548616647720337,2003,BHR,3.52925682611848
-0.9818373322486876,0.6369337439537048,-0.41898730397224426,2003,ARG,4.9428505769107085
0.7930477857589722,0.09678392112255096,0.5245450735092163,2003,MNG,4.135200874211745
-1.4420570135116575,0.09929249435663225,-0.6677911877632141,2003,MMR,4.670043188775942
0.5952081680297852,-2.0371897220611572,0.4897311329841614,2003,TCD,2.045182844138318
1.2827033996582031,0.3428207039833069,-0.08059509098529816,2003,MRT,4.585136324610339
-0.9818055033683776,0.6369830369949341,-0.4189964830875397,2003,BHS,4.9428918719398105
-1.005061149597168,-0.6256964802742004,0.44392532110214233,2003,STP,3.5666250441196063
0.7930476069450377,0.09678419679403304,0.5245454907417297,2003,SVN,4.1352010641473145
0.5381529927253723,-0.8288955688476564,-0.5548606514930725,2003,JOR,3.5292558045460876
0.5811219215393066,-1.17472767829895,-0.6215721964836121,2003,MUS,3.266094579247777
-1.4420080184936523,0.09933907538652419,-0.6677425503730774,2003,VUT,4.670049339778803
0.8830193877220154,1.4211784601211548,1.1101620197296143,2003,NIC,5.427076211478163
-1.3646823167800903,1.3416130542755127,2.4411513805389404,2003,UGA,5.679651611528246
0.1173531860113144,-0.9028167128562928,0.07867313176393509,2003,HND,3.1972042405550916
2.089226245880127,-0.07769350707530975,-1.0984402894973755,2003,SOM,4.837246288858048
0.46142998337745667,-1.5277392864227295,1.316927433013916,2003,LVA,2.463818654026938
-0.9818070530891417,0.6369853019714355,-0.41899144649505615,2003,GEO,4.942892843015763
1.4503428936004639,4.109971046447754,-2.481253147125244,2003,NGA,8.894922193007215
0.5811218023300171,-1.1747273206710815,-0.6215729117393494,2003,RUS,3.2660952300875805
-0.6970817446708679,-2.3405110836029053,-0.7447880506515503,2003,SGP,2.541962887335096
1.3555344343185425,3.127683401107788,-2.1453471183776855,2003,GTM,7.858303040882147
-1.2063186168670654,-3.595837116241455,-0.7078470587730408,2003,AUS,2.2278606560565395
0.8852618932723998,-1.661693453788757,1.1282896995544431,2003,SMR,2.4135601244519567
-2.586967945098877,-3.124680519104004,0.37355998158454895,2003,LKA,2.920224945664808
1.2827677726745603,0.34278079867362976,-0.08058135211467743,2003,SDN,4.58511171959259
0.1173536404967308,-0.902816355228424,0.07867349684238434,2003,FJI,3.1972044701784537
-0.9818105101585389,0.6370134353637695,-0.4190083742141723,2003,GRD,4.942924731843711
0.8852789998054504,-1.6617233753204343,1.128253936767578,2003,HUN,2.4135356661443605
-1.2961910963058472,-1.0218576192855835,-2.0809624195098877,2003,NAM,4.5112983011850005
0.7186466455459595,0.21326294541358948,0.11210797727108,2003,KEN,4.307675472789064
0.5811222791671753,-1.1747267246246336,-0.6215730309486389,2003,CMR,3.266095862975415
2.0892293453216553,-0.07769080251455307,-1.0984399318695068,2003,KHM,4.837249550971344
0.8852529525756835,-1.661708116531372,1.1282747983932495,2003,DOM,2.413542845926153
0.793048083782196,0.09678456187248229,0.52454674243927,2003,ARM,4.135201343051392
0.5811243057250977,-1.1747275590896606,-0.6215727925300598,2003,PAK,3.266095309620372
1.374320149421692,0.3053116500377655,0.5114174485206604,2003,AZE,4.466585890589012
-1.4420151710510252,0.09933266788721085,-0.6677501201629639,2003,GNQ,4.670048953701539
0.8852213621139526,-1.6616706848144531,1.1283376216888428,2003,CZE,2.4135709664284106
-0.9818074703216552,0.636986494064331,-0.4189956784248352,2003,LCA,4.942895289625512
1.2827932834625244,0.342776894569397,-0.08058534562587738,2003,CHL,4.585115426322835
0.4614292085170746,-1.5277388095855713,1.3169270753860471,2003,EST,2.4638189796101893
1.3743211030960083,0.3053223788738251,0.5114044547080994,2003,NER,4.466597909892565
-0.9818100333213806,0.63701331615448,-0.41901072859764094,2003,LSO,4.9429252063566915
0.538152813911438,-0.8288952708244324,-0.5548612475395203,2003,MKD,3.5292563165116415
-4.327164173126221,-2.5124287605285645,-0.2664516270160675,2003,SLV,4.865391740826888
0.699854850769043,-1.0573030710220337,-1.0039891004562376,2003,OMN,3.5871641638895033
1.2826913595199585,0.34279438853263855,-0.08056847751140596,2003,MAR,4.585102171751422
0.5952534079551697,-2.037144660949707,0.4897763431072235,2003,NZL,2.0452232048801924
0.755520761013031,0.9535436034202576,1.4102627038955688,2003,CYP,4.960360184282066
0.46142855286598206,-1.5277390480041504,1.3169294595718384,2003,ALB,2.4638189299491775
0.8830186724662781,1.4211790561676023,1.1101614236831665,2003,SLB,5.427076694828923
0.19481416046619415,-1.0418862104415891,-0.3668516278266906,2003,KAZ,3.2322690330507946
2.7542121410369873,-2.4747586250305176,-1.4018601179122925,2003,SYR,3.8722187128532712
0.6652021408081055,1.6761447191238403,-1.7357089519500732,2003,BTN,6.297175241436979
-0.9818115830421448,0.6370156407356262,-0.41900768876075745,2003,GHA,4.942926820381018
-0.9818116426467896,0.6370148062705994,-0.4190076291561126,2003,KIR,4.942926041336518
1.3743118047714231,0.30529361963272095,0.51143479347229,2003,KOR,4.4665643462196885
1.3742902278900146,0.3053254187107086,0.5113995671272278,2003,TUR,4.466592806968376
1.374293565750122,0.3053284287452698,0.5113963484764099,2003,CRI,4.466596981669228
0.5811244249343872,-1.174728274345398,-0.6215724349021912,2003,IRL,3.2660945359762303
0.8852638006210326,-1.6617133617401123,1.1282856464385986,2003,ROU,2.4135416596327293
-0.9818334579467772,0.6370170712471008,-0.4190238714218139,2003,SWZ,4.942937848314889
0.8852569460868835,-1.66170597076416,1.1282702684402464,2003,NLD,2.413545952772032
-0.9818291068077089,0.6370221972465515,-0.41902199387550354,2003,MDV,4.942941074163355
-0.9818224906921387,0.6370108723640442,-0.41901266574859614,2003,SLE,4.94292631855111
-0.9818124175071716,0.6370087265968323,-0.4190084636211395,2003,AFG,4.942920815673333
0.13381043076515195,-3.9534075260162354,1.03558349609375,2003,GBR,9.893832421865675e-06
1.3743236064910889,0.3052851855754852,0.5114376544952393,2003,IND,4.466559246625601
1.3743106126785278,0.30530065298080444,0.5114275217056274,2003,ARE,4.466571574532884
-0.981813073158264,0.6370118856430054,-0.41900908946990967,2003,BOL,4.942924081593002
-1.364680767059326,1.3416112661361694,2.4411516189575195,2003,MWI,5.679649594611817
1.374314785003662,0.30531445145606995,0.5114105343818665,2003,GMB,4.46658788317861
-3.187356472015381,1.6505237817764282,-1.260515809059143,2004,LIE,6.906977563474333
0.8853043913841248,-1.6617103815078735,1.1282464265823364,2004,BGR,2.4135544604674717
-0.9818123579025269,0.6370130777359009,-0.41900792717933655,2004,ZMB,4.942921443765403
0.2619861960411072,-1.6411478519439695,-0.9776284098625184,2004,ESP,3.068550763346747
-1.4420349597930908,0.09931285679340363,-0.6677702069282532,2004,IDN,4.670042132879596
-0.981813669204712,0.6370144486427307,-0.4190043210983276,2004,PNG,4.942921951690623
0.755516529083252,0.9535385370254517,1.4103040695190427,2004,ISR,4.96035729348982
2.504699230194092,-0.1437380015850067,-4.030618667602539,2004,PSE,6.767649377887984
2.0892493724823,-0.07768630236387253,-1.0984382629394531,2004,EGY,4.8372547376398956
-1.3646812438964844,1.3416121006011963,2.4411520957946777,2004,MEX,5.67965261420702
0.885249137878418,-1.6617023944854736,1.1283037662506104,2004,SMR,2.4135470432795536
1.2826933860778809,0.3428276777267456,-0.08057975023984909,2004,UGA,4.585132899999178
-1.005061388015747,-0.6256958246231079,0.44392478466033936,2004,CHE,3.5666239867516034
0.7186456322669983,0.21326273679733276,0.1121085062623024,2004,GAB,4.307671782005778
-0.9818216562271118,0.6370106339454651,-0.4190170466899872,2004,UZB,4.942923956563086
-0.9818135499954224,0.6369828581809998,-0.4189828634262085,2004,TKM,4.942886272668205
0.7186466455459595,0.213262677192688,0.1121079996228218,2004,LKA,4.307671970532608
-0.9818142652511597,0.6370090246200562,-0.4190091788768768,2004,BTN,4.942918478524454
-2.1122939586639404,-0.35631328821182245,2.4356791973114014,2004,GEO,4.465919007220136
0.7555246353149414,0.9535292387008667,1.4103165864944458,2004,MLT,4.960350056878146
0.1699402630329132,-0.8904209136962892,-0.6343569755554199,2004,BGD,3.488827939559887
-0.9818173050880432,0.6367586851119995,-0.4190441370010376,2004,ITA,4.942696966365612
-0.18693551421165464,-0.8516478538513184,-3.66484260559082,2004,CUB,5.64072477773843
0.14105847477912903,-0.7345272898674011,-0.12218715250492096,2004,LTU,3.4207767221573877
-0.981810450553894,0.6370134353637695,-0.41900834441185,2004,LBY,4.942921468180626
-0.9818124175071716,0.6370124220848083,-0.4190054833889007,2004,SGP,4.942920129174788
1.3555344343185425,3.1276838779449463,-2.1453466415405273,2004,LCA,7.858298247417854
0.8852335214614869,-1.661704659461975,1.1282993555068968,2004,MUS,2.4135398611828514
-0.9818235635757446,0.637012779712677,-0.4190129339694977,2004,AZE,4.942925169523189
0.8852654695510864,-1.661696434020996,1.1282870769500732,2004,UKR,2.4135571464902768
-0.9818111062049864,0.637015163898468,-0.4190064072608948,2004,SUR,4.9429226513737685
-1.3646823167800903,1.3416130542755127,2.441150188446045,2004,BWA,5.679653314341239
-0.9818260669708253,0.6370221972465515,-0.41902428865432734,2004,AGO,4.942937821914201
-0.98182076215744,0.6369531154632568,-0.41901734471321106,2004,ARM,4.942870425874588
0.8852108716964722,-1.6616861820220947,1.1283215284347534,2004,TUR,2.413551206349551
0.25814059376716614,-1.1854013204574585,-0.7630471587181091,2004,FJI,3.3033933899138863
-0.9818130135536192,0.6370142102241516,-0.419007271528244,2004,COM,4.942922450532176
1.3743194341659544,0.3052949607372284,0.5114285349845886,2004,NPL,4.466565895279341
0.883019745349884,1.4211788177490234,1.110162615776062,2004,DZA,5.427075534164634
1.2827162742614746,0.3428157866001129,-0.08058607578277588,2004,LBN,4.585129032992673
1.374307870864868,0.30531418323516846,0.5113981366157532,2004,SAU,4.466584579086454
-0.9818314909934996,0.6369693875312805,-0.4189581274986267,2004,DEU,4.942870532949452
0.8852614760398864,-1.6617127656936643,1.128262639045715,2004,KOR,2.4135394572660243
0.7186467051506042,0.21326248347759247,0.11210764944553377,2004,GRC,4.307671866320315
-1.4420336484909055,0.0993148759007454,-0.667768120765686,2004,AND,4.6700426817039755
1.3743081092834473,0.305312842130661,0.511416494846344,2004,RUS,4.466581212207742
-0.981804609298706,0.6369843482971191,-0.41899716854095453,2004,NRU,4.942889848214532
0.8852853178977966,-1.6617177724838257,1.128257155418396,2004,IRQ,2.4135419158633753
-1.364680290222168,1.3416111469268799,2.441152572631836,2004,MDV,5.679651591507967
-3.1873490810394287,1.650529861450195,-1.2605091333389282,2004,ARG,6.906976723086137
-0.9818175435066224,0.6370242834091187,-0.419011265039444,2004,KEN,4.942934002985089
0.6652023196220398,1.6761454343795776,-1.735709309577942,2004,CMR,6.2971708352988065
1.3743034601211548,0.30531609058380127,0.5114066004753113,2004,BEL,4.466584179420596
-0.9818125963211061,0.6370115876197815,-0.419011116027832,2004,ERI,4.942921052127505
0.8830201029777527,1.4211783409118652,1.110163331031799,2004,EST,5.427075121139281
1.374327540397644,0.3052979111671448,0.5114287734031677,2004,PRT,4.466570931794986
0.8852359652519226,-1.661693811416626,1.1282999515533447,2004,ISL,2.4135509453907846
0.7930482029914856,0.09678350389003752,0.5245465636253357,2004,CHN,4.1351979169585675
-0.9818113446235656,0.6370155811309814,-0.419008195400238,2004,FSM,4.942923618869934
0.8852607607841492,-1.661684513092041,1.1282774209976196,2004,HUN,2.4135666287081317
0.4962362051010132,-1.0392690896987915,-0.16047506034374237,2004,SLV,3.170826753861446
0.8852673172950744,-1.6617217063903809,1.1282881498336792,2004,CZE,2.413533766401155
-0.01271846704185009,-0.24654586613178253,-1.5781683921813965,2004,FIN,4.538063074670518
0.41989049315452576,-0.97245854139328,-0.721913993358612,2004,VNM,3.4722786956852008
0.7930473685264587,0.09678446501493453,0.5245460867881775,2004,MDA,4.135198784224517
0.2619869112968445,-1.6411478519439695,-0.9776284098625184,2004,IRL,3.068550793223281
-1.4420430660247803,0.09930510818958281,-0.6677780747413635,2004,MMR,4.670041013593056
1.2827296257019043,0.342812716960907,-0.08056675642728804,2004,NER,4.585124799392558
-0.9818222522735597,0.6370137333869934,-0.4190155863761902,2004,BEN,4.942926539765023
-0.9818209409713744,0.6369956731796265,-0.41901856660842896,2004,AUT,4.942910348547982
2.089235544204712,-0.0776875838637352,-1.0984355211257935,2004,BHR,4.837246911283813
0.755526065826416,0.9535310864448548,1.4103047847747803,2004,BRN,4.960351172450144
2.754210948944092,-2.4747588634490967,-1.4018603563308716,2004,YEM,3.872210246671816
-0.9818155169487,0.636983335018158,-0.4189782738685608,2004,SVN,4.942885808868246
1.3743268251419067,0.30530187487602234,0.5114231109619141,2004,ARE,4.466575176881972
0.8852050304412842,-1.6616961956024168,1.1283153295516968,2004,KAZ,2.4135396414653507
0.5951898097991943,-2.037199020385742,0.48974582552909846,2004,DNK,2.0451621798599455
-1.4420331716537476,0.09931522607803343,-0.6677675843238831,2004,BRA,4.67004262902959
1.282759189605713,0.34280678629875183,-0.08056730777025223,2004,GIN,4.585126784690792
0.538153350353241,-0.8288956880569458,-0.5548609495162964,2004,BIH,3.5292505035223325
-0.2124925851821899,-0.8914241194725037,-0.06003371626138687,2004,DJI,3.270486585849626
-0.9818097949028016,0.6370129585266113,-0.41900703310966486,2004,TCD,4.942920491481998
-1.005060791969299,-0.6256973147392273,0.4439257085323334,2004,NAM,3.5666222528652725
0.17443592846393585,-1.9007632732391355,0.7472355365753175,2004,GBR,2.0732040002601027
2.75421404838562,-2.474757432937622,-1.4018597602844238,2004,SYR,3.872212515192405
0.5381526947021484,-0.8288952112197875,-0.5548613667488098,2004,OMN,3.5292510385828657
0.6998554468154907,-1.057302951812744,-1.0039883852005005,2004,FRA,3.587157440124241
0.5381527543067932,-0.8288953304290771,-0.5548611283302307,2004,JOR,3.5292508324311918
-0.9818106889724733,0.6370163559913635,-0.4190075695514679,2004,MLI,4.942924006319889
0.14105834066867828,-0.7345272302627563,-0.12218733131885529,2004,PHL,3.420776838479797
-0.981838285923004,0.636970579624176,-0.4189280569553375,2004,YUG,4.942864324963243
0.8852633237838745,-1.6617008447647095,1.128274917602539,2004,NZL,2.4135518232786395
0.8852951526641847,-1.66171395778656,1.1282527446746826,2004,KWT,2.4135484307494073
-0.3913144767284394,-1.46708083152771,-0.7750136852264404,2004,CHL,3.1202331321553234
-0.9818111658096312,0.6370113492012024,-0.41900834441185,2004,BDI,4.942919692221469
-3.187344789505005,1.6505342721939087,-1.2605040073394775,2004,POL,6.906976534146442
1.3555331230163574,3.127683639526367,-2.14534592628479,2004,KHM,7.858297539187528
-0.981811225414276,0.6370147466659546,-0.4190070033073426,2004,HRV,4.942922466202737
0.5381528735160828,-0.8288952112197875,-0.5548612475395203,2004,LVA,3.5292510053483235
0.8852854967117308,-1.6617087125778198,1.1282591819763184,2004,MNG,2.4135506518945924
-5.502130031585693,1.2036348581314087,4.115671634674072,2004,PLW,8.236869027154434
1.282732844352722,0.34278419613838196,-0.08056665956974028,2004,TUN,4.585098858538552
-0.9818156361579896,0.6370100378990173,-0.4190080761909485,2004,LSO,4.942919404465816
0.3471779227256775,-1.1166164875030515,-0.7185006737709045,2004,NLD,3.342116297523214
0.4614295959472656,-1.5277389287948608,1.3169270753860471,2004,KGZ,2.4638187983543283
0.7186465859413147,0.21326255798339844,0.11210788786411284,2004,LAO,4.307671871091383
-1.364680767059326,1.3416118621826172,2.441151857376098,2004,KIR,5.679652207124749
0.8851361274719238,-1.66166615486145,1.1283775568008423,2004,JPN,2.4135491078193625
-1.44202721118927,0.09932174533605576,-0.6677608489990234,2004,BHS,4.670043818639076
1.28274667263031,0.3428024351596832,-0.0805482417345047,2004,TGO,4.585114930050946
0.8852518796920776,-1.66170072555542,1.1282858848571775,2004,ALB,2.4135487946695338
-0.981816291809082,0.6370184421539307,-0.41902425885200495,2004,HND,4.942932119561413
2.0892412662506104,-0.07769080996513367,-1.0984386205673216,2004,SDN,4.837248006906556
2.089231014251709,-0.07768715918064117,-1.0984371900558472,2004,QAT,4.837246156620173
-0.9818233251571656,0.6370145082473755,-0.4190146327018738,2004,CIV,4.942927220876305
1.2827898263931274,0.34273630380630493,-0.08054571598768234,2004,MAR,4.585063164463468
-0.6107544898986816,-2.8964967727661133,-1.5180646181106567,2004,ZWE,2.862260535567024
0.8852700591087341,-1.6617008447647095,1.1282514333724976,2004,LUX,2.4135530184426197
0.13381189107894895,-3.9534163475036626,1.0355753898620603,2004,USA,0.0
-1.4420156478881836,0.09933051466941832,-0.6677518486976624,2004,PRK,4.670044244227291
0.7186461687088013,0.2132632881402969,0.11210880428552628,2004,CAF,4.307672324243952
0.8852169513702391,-1.6616935729980469,1.1283202171325684,2004,AUS,2.413546030802916
-0.9818187952041626,0.6369636654853821,-0.4190180897712707,2004,BFA,4.942879998828378
2.7542166709899902,-2.4747602939605713,-1.4018604755401611,2004,IRN,3.8722136476709728
0.5811227560043335,-1.1747268438339231,-0.6215728521347046,2004,SWE,3.266089812549197
0.8853039741516113,-1.6617116928100584,1.1282376050949097,2004,SVK,2.413552746760899
0.458263486623764,-0.8112796545028687,-0.5569817423820496,2004,WSM,3.5375881691931195
0.5811241865158081,-1.1747275590896606,-0.6215720176696777,2004,MYS,3.266088976558328
-0.9818278551101685,0.6370308995246887,-0.4190114140510559,2004,LBR,4.942942518494956
-1.4420320987701416,0.09931551665067671,-0.6677677035331726,2004,TJK,4.670042562642513
-1.4420182704925537,0.09933093935251237,-0.6677528023719788,2004,CAN,4.670045845567026
-0.9818254709243774,0.6369380354881287,-0.4190159440040588,2004,BLR,4.942857071927945
-0.4585601091384888,1.3939273357391355,-3.256476402282715,2004,VEN,6.882346811939328
0.8853119015693665,-1.6617016792297363,1.1282546520233154,2004,MKD,2.4135653776485366
-0.220632329583168,-0.7647561430931091,-0.3067220449447632,2004,GUY,3.4777790338434826
1.2827221155166624,0.3427939713001251,-0.08056078851222992,2004,MRT,4.585103900228393
0.6998547911643982,-1.057302951812744,-1.0039880275726318,2004,NOR,3.5871571333265306
-0.09003482013940811,-1.2720212936401367,-0.6962913274765015,2004,TLS,3.1998982970763463
1.3555328845977783,3.1276848316192623,-2.145345449447632,2004,IND,7.858298383297455
0.7930482625961304,0.09678352624177933,0.5245457887649536,2004,ROU,4.135198044110608
-0.9818108081817627,0.6370118260383606,-0.4190070033073426,2004,DOM,4.942919659682174
0.8852260708808899,-1.6616886854171753,1.1282933950424194,2004,PAK,2.4135524803211643
0.3128744661808014,-0.4200786352157593,-1.5977500677108765,2004,VAT,4.410322183285451
0.7186465859413147,0.2132628709077835,0.11210807412862776,2004,JAM,4.307672133842649
0.7555296421051025,0.953518271446228,1.4103384017944336,2004,GMB,4.960341483376174
2.0892446041107178,-0.07769778370857239,-1.0984418392181396,2006,KWT,2.9861328531882423
0.8830198645591736,1.4211772680282593,1.1101629734039307,2006,PAK,3.0829538310207916
0.7186460494995117,0.21326227486133575,0.11210808902978896,2006,ARE,2.1391411712464414
-0.9818114638328552,0.6370119452476501,-0.41900599002838135,2006,KHM,3.3412889393831766
0.7930476665496825,0.09678415209054947,0.5245459675788879,2006,JPN,1.861541983339452
1.2827073335647583,0.342821329832077,-0.08057958632707596,2006,SDN,2.37434065818645
-0.9818058013916016,0.6369829177856445,-0.41899749636650085,2006,IRL,3.341261871809517
0.7930471301078796,0.09678462147712709,0.5245465040206909,2006,RUS,1.8615422793410932
0.8830199241638184,1.421178102493286,1.1101622581481931,2006,LBN,3.0829546696302796
2.0407042503356934,4.716488361358643,1.1132736206054688,2006,JOR,6.482040914219916
1.2827187776565552,0.3428032696247101,-0.08056535571813583,2006,QAT,2.3743200812448024
-0.9817972779273987,0.6368750929832458,-0.4190622866153717,2006,BHS,3.3412129333131597
-0.9818391799926757,0.6368979215621948,-0.41902157664299006,2006,UGA,3.3412332004653966
0.885184645652771,-1.6616816520690916,1.1283516883850095,2006,GBR,0.00011334509271434748
0.7930470705032349,0.09678409993648528,0.5245475769042969,2006,KOR,1.8615414416658735
0.8830189108848571,1.4211785793304443,1.110161542892456,2006,SVK,3.082955151397512
-0.9818252325057985,0.6369611620903015,-0.4190054833889007,2006,CZE,3.341261461116781
-0.9818111658096312,0.6370159387588501,-0.41900768876075745,2006,NLD,3.34129230694992
-0.9818226099014281,0.6370311379432678,-0.41902101039886475,2006,TCD,3.341315327451243
1.3742895126342771,0.3053249716758728,0.5113973617553711,2006,DZA,2.118718139077444
0.7186459898948669,0.21326333284378052,0.11210830509662628,2006,WSM,2.1391420005848563
-0.9818418622016907,0.6370221972465515,-0.4189922511577606,2006,HRV,3.341306616707626
0.718646228313446,0.21326327323913577,0.11210860311985016,2006,GIN,2.139141788199289
-0.9818410277366638,0.6369798183441162,-0.41901957988739014,2006,AND,3.341289650199577
0.8830199837684632,1.4211779832839964,1.1101627349853516,2006,LUX,3.082954547578207
0.28919103741645813,-0.13945050537586212,-1.4167064428329468,2006,OMN,3.024821330227946
0.8830188512802125,1.4211794137954712,1.110161542892456,2006,CHN,3.082955985891213
-0.9818103909492493,0.6369817852973938,-0.41898950934410095,2006,TJK,3.3412599586626346
0.8830184936523436,1.4211790561676023,1.1101611852645874,2006,AZE,3.082955630630754
0.46142828464508057,-1.5277376174926756,1.3169260025024414,2006,DNK,0.482879678690124
0.8830196857452391,1.4211775064468384,1.110162377357483,2006,DMA,3.0829540730669955
-2.7507717609405518,-1.068736910820007,-1.6129305362701416,2006,PRK,4.592010537259202
-3.9388763904571538,4.691133975982666,-4.820601463317871,2006,BOL,9.95088969437935
-0.3593906760215759,-3.764461755752563,1.1438865661621092,2006,AUS,2.4435440058449274
-0.98183274269104,0.6370015144348145,-0.41897574067115784,2006,NIC,3.3412796459205776
2.0407030582427974,4.716488838195801,1.1132723093032837,2006,SLV,6.4820411739596375
2.0407021045684814,4.716490268707275,1.1132718324661255,2006,PSE,6.482042412665414
-0.9818129539489746,0.6370145082473755,-0.4190078377723694,2006,CMR,3.3412923909816894
-0.9818429946899414,0.6370032429695129,-0.41902706027030945,2006,BGD,3.3413103287997967
-0.9818421006202696,0.6369205117225647,-0.4189980626106262,2006,MLT,3.3412394845561795
0.8830191493034363,1.4211782217025757,1.110162377357483,2006,LVA,3.0829547886997934
-0.9818115830421448,0.6370120644569397,-0.41900765895843506,2006,VUT,3.3412898608566017
-0.9818134903907776,0.6370112299919128,-0.4190070033073426,2006,CHE,3.3412900489468274
-3.1873505115509033,1.6505287885665891,-1.2605100870132446,2006,ARG,5.767447566700358
0.8830192089080812,1.4211782217025757,1.1101617813110352,2006,SGP,3.0829547921585734
0.46142908930778503,-1.5277379751205444,1.3169273138046265,2006,MKD,0.48287938549352155
-0.9818097949028016,0.6369774341583252,-0.41899928450584406,2006,ESP,3.341261158804296
-0.9818125367164613,0.637014627456665,-0.4190085232257843,2006,KEN,3.3412925572704046
-3.187347888946533,1.650530695915222,-1.2605085372924805,2006,VAT,5.767446168305351
0.6998547315597534,-1.057303547859192,-1.00398850440979,2006,YEM,2.2240163508805004
-0.9818177819252014,0.6369839906692505,-0.41896969079971313,2006,ECU,3.3412564284460093
1.5685662031173706,-1.756076693534851,-1.5130338668823242,2006,LBY,2.729895597469837
0.7186452150344849,0.2132636606693268,0.11210947483778,2006,EST,2.139141792612458
0.8830194473266602,1.4211789369583128,1.1101619005203247,2006,MUS,3.0829555065281915
7.176227569580078,-4.3173346519470215,-2.6258671283721924,2006,IRN,7.7924424206118434
0.8830186724662781,1.4211782217025757,1.1101621389389038,2006,IDN,3.0829547904469936
0.8830195069313049,1.4211785793304443,1.1101622581481931,2006,FRA,3.0829551467620604
-1.4420204162597656,0.09932748228311539,-0.6677544116973877,2006,CAN,3.4268424601495986
-0.2206322550773621,-0.76475590467453,-0.30672189593315125,2006,EGY,2.0215742137032837
0.7186470627784729,0.213262602686882,0.11210779100656508,2006,GRC,2.139141521239836
0.8830187916755676,1.4211786985397339,1.110161542892456,2006,AUT,3.082955270691311
0.8830186724662781,1.4211784601211548,1.1101609468460083,2006,FIN,3.0829550358657474
-0.9818164706230165,0.6370249390602112,-0.4190129041671753,2006,NER,3.3413038783737243
-3.187349319458008,1.6505305767059326,-1.2605079412460327,2006,LBR,5.767446863107356
3.7791838645935054,-2.3951637744903564,-1.4815131425857544,2006,SYR,3.9653171055265286
-0.9818122386932371,0.6370144486427307,-0.41900479793548584,2006,PRT,3.3412905426142054
-0.9818035364151002,0.6369857788085938,-0.4189987778663635,2006,COG,3.3412631679156024
-0.981836199760437,0.6369495987892151,-0.41897791624069214,2006,MDV,3.3412468686260373
1.282705783843994,0.34279367327690125,-0.08057048171758652,2006,BHR,2.3743124142002863
0.27666863799095154,-0.3037283420562744,-1.0726755857467651,2006,GMB,2.6568247265075686
-0.9818138480186462,0.6370069980621338,-0.4190078675746918,2006,ALB,3.34128773753718
-0.9818217158317565,0.6370065808296204,-0.41899487376213074,2006,GEO,3.3412858297901673
0.718647301197052,0.21326246857643127,0.11210736632347106,2006,AGO,2.1391415868601933
-0.9818121194839476,0.637013852596283,-0.41900649666786194,2006,KGZ,3.3412908525816714
-3.187335252761841,1.6505417823791504,-1.2604967355728147,2006,PER,5.767438724349996
1.2827355861663818,0.3428281247615814,-0.0805751085281372,2006,MRT,2.3743488444953833
0.7930477261543274,0.09678470343351364,0.5245447754859924,2006,HUN,1.861542887829839
-0.9818125367164613,0.6370126605033875,-0.4190066456794738,2006,KAZ,3.341290334595921
-0.04687558114528656,-0.7464276552200316,-0.057717349380254745,2006,MYS,1.7644315674390987
-0.9818117618560792,0.6370110511779785,-0.41900801658630366,2006,ISR,3.3412894292720687
2.089235544204712,-0.07769142091274261,-1.0984392166137695,2006,MAR,2.9861306198940776
7.176229953765869,-4.317336559295654,-2.625866174697876,2006,BLR,7.7924445359679115
0.4614292085170746,-1.52773916721344,1.3169265985488892,2006,ROU,0.48287867065731604
1.3742949962615967,0.3053087592124939,0.5114091038703918,2006,SAU,2.118700934139543
-3.1873562335968018,1.6505249738693235,-1.2605139017105103,2006,CIV,5.767450996456723
0.8830192089080812,1.4211783409118652,1.1101621389389038,2006,ITA,3.0829549092645165
0.8830185532569885,1.4211789369583128,1.1101617813110352,2006,POL,3.0829555078780606
0.8852469325065613,-1.6616863012313843,1.128303289413452,2006,IRQ,4.680680306615097e-05
-0.9818338155746461,0.6369187831878662,-0.41901695728302,2006,FJI,3.3412424155490035
-0.9818111062049864,0.6370123624801636,-0.4190073609352112,2006,LSO,3.341289661431119
0.7930474281311035,0.09678383916616441,0.5245466828346252,2006,SWE,1.8615414675756197
0.7186466455459595,0.2132628709077835,0.11210809648036955,2006,LAO,2.139141643725086
-0.9818296432495117,0.6370258331298828,-0.4190153777599334,2006,AFG,3.3413129996428825
1.2827301025390625,0.34281468391418457,-0.08061422407627106,2006,TUR,2.374356494272018
0.8830195665359497,1.4211771488189695,1.110162615776062,2006,COM,3.0829537141311647
-0.9818062186241149,0.6369792819023132,-0.41900089383125305,2006,ERI,3.3412611768608165
1.2827410697937012,0.34278395771980286,-0.08057934045791626,2006,TUN,2.374314629106329
-3.6879346370697026,0.6300855875015259,2.379970073699951,2006,BIH,5.266233707364763
0.8852584362030029,-1.6617225408554075,1.128275990486145,2006,USA,0.0
0.8852194547653198,-1.6616997718811035,1.1282993555068968,2006,TGO,5.083210471174523e-05
-0.9818108677864075,0.6370111703872681,-0.41900682449340815,2006,LTU,3.3412884596565555
-0.9818142652511597,0.6370111703872681,-0.4190063774585724,2006,YUG,3.341290151105031
0.7186472415924072,0.21326248347759247,0.11210746318101882,2006,BGR,2.1391415585528835
-0.9818105101585389,0.6370128393173218,-0.4190073311328888,2006,BEL,3.341289642620928
-0.45855990052223206,1.3939279317855835,-3.256476640701294,2006,VEN,5.510798777833869
-0.9818114638328552,0.6370155811309814,-0.4190078377723694,2006,UZB,3.341292296445156
0.8830193281173706,1.4211783409118652,1.1101621389389038,2006,UKR,3.0829549091779342
0.8830187320709229,1.4211798906326292,1.1101610660552979,2007,PSE,2.9860695427609163
-0.9818123579025269,0.6370072364807129,-0.4190158247947693,2007,KOR,3.1277098920771786
-2.112294912338257,-0.3563116490840912,2.4356794357299805,2007,ALB,3.0410375259449594
0.8830187320709229,1.4211797714233398,1.1101614236831665,2007,MNG,2.986069400271439
-0.9818105697631837,0.6370132565498352,-0.4190075695514679,2007,LUX,3.127708651754787
0.8830191493034363,1.4211783409118652,1.1101620197296143,2007,ISR,2.98606800519247
-0.9818522334098818,0.6367391347885132,-0.4189658463001251,2007,BDI,3.1275150009578243
0.4614308774471283,-1.5277400016784668,1.3169256448745728,2007,MKD,1.6774233912790165e-06
0.461429625749588,-1.5277392864227295,1.3169260025024414,2007,ROU,5.364418029785156e-07
0.718645453453064,0.21326352655887604,0.11210902035236359,2007,CHN,2.13279963001943
-0.9818221926689149,0.636936604976654,-0.41901159286499023,2007,ERI,3.1276631964893413
-0.9818109273910521,0.6369830369949341,-0.41898655891418457,2007,GRC,3.1276762399665325
-1.0083568096160889,-3.013026237487793,-1.2355254888534544,2007,CUB,3.298690880025968
-0.9818124175071716,0.6369727849960327,-0.419010877609253,2007,SOM,3.1276833293608743
-1.4420274496078491,0.09932013601064682,-0.6677630543708801,2007,YUG,3.1952249984713856
0.8830196261405946,1.4211772680282593,1.1101629734039307,2007,ITA,2.9860669469443724
1.3742940425872803,0.30532220005989075,0.511400580406189,2007,KWT,2.200524028721592
3.0027573108673096,-1.7899413108825684,-1.6600499153137207,2007,MYS,3.922943197144882
0.46142929792404175,-1.5277389287948608,1.31692898273468,2007,GBR,2.6710928932342348e-06
-0.9818398952484131,0.6370141506195068,-0.4190062284469605,2007,KEN,3.127722058194079
-1.4420230388641355,0.09932569414377213,-0.667756199836731,2007,CAN,3.1952209435669077
-0.9818049669265747,0.6369893550872803,-0.4189973771572113,2007,CRI,3.127683866754386
-1.4420453310012815,0.09930272400379181,-0.6677808165550232,2007,TCD,3.1952378172589104
0.8830189108848571,1.4211789369583128,1.1101620197296143,2007,PAN,2.9860685601620753
0.46142980456352234,-1.5277389287948608,1.31692636013031,2007,USA,0.0
-0.9818228483200072,0.6370313763618469,-0.41902124881744385,2007,SGP,3.1277344508693563
1.3743025064468384,0.30531078577041626,0.5114306211471558,2007,FRA,2.200507035078872
-0.9818216562271118,0.6369960308074951,-0.41901049017906195,2007,LKA,3.1277034662290055
1.3555332422256468,3.127683639526367,-2.14534592628479,2007,WSM,5.870239316429262
-0.9818248748779296,0.637029230594635,-0.4190196990966797,2007,UZB,3.1277330407472355
-0.9818434715270995,0.6370108127593994,-0.4190177321434021,2007,COG,3.127727782997842
1.3742997646331787,0.30532053112983704,0.5114120244979858,2007,PAK,2.200520823015812
7.176231384277344,-4.3173346519470215,-2.625866174697876,2007,SYR,8.271397555809594
0.7186468839645386,0.21326236426830292,0.11210790276527403,2007,MAR,2.132799485087771
-0.9818105101585389,0.6370128989219666,-0.41900748014450073,2007,GAB,3.127708327106866
-0.9818075895309448,0.6369838714599609,-0.41900524497032166,2007,SLV,3.12768564840569
2.089235544204712,-0.07769184559583664,-1.0984374284744263,2007,LBY,3.253670281513759
0.2891910672187805,-0.13945019245147705,-1.4167063236236572,2007,OMN,3.070791339017996
0.3390226364135742,-0.897919535636902,-0.3728631138801574,2007,VEN,1.80749673562331
-0.9818260669708253,0.6369978785514832,-0.4190122187137604,2007,GNB,3.127707739754081
0.6998547315597534,-1.057303547859192,-1.0039886236190796,2007,QAT,2.380084505903451
0.41989052295684814,-0.9724590182304382,-0.721914291381836,2007,TUR,2.1135118862337405
0.7186462879180908,0.21326318383216855,0.11210861057043076,2007,SWE,2.132799682374227
1.2827305793762207,0.34280282258987427,-0.08055105805397034,2007,TUN,2.475157477963051
0.8830198645591736,1.4211777448654175,1.1101624965667725,2007,LAO,2.986067484527846
-0.08504100888967514,0.2857092618942261,-1.7029347419738767,2007,GMB,3.5646578750662226
-0.9818076491355897,0.6369795799255371,-0.41900104284286493,2007,NER,3.12768037339971
-0.9818143248558044,0.6370120644569397,-0.4190065562725067,2007,ESP,3.127708997035817
0.7186464071273804,0.21326234936714172,0.11210795491933823,2007,VAT,2.132799385955306
1.4062023162841797,-2.2221343517303462,-3.242220163345337,2007,IRN,4.707504341454906
2.089242696762085,-0.07769671827554703,-1.0984410047531128,2007,ARE,3.2536743432063813
-0.9818048477172853,0.6369823813438416,-0.4190014600753784,2007,TGO,3.127681251195012
0.28919097781181335,-0.13945017755031583,-1.4167059659957884,2007,LVA,3.070791032407534
0.8830204010009767,1.4211779832839964,1.110163331031799,2007,CMR,2.986067737937501
0.7930474281311035,0.09678386151790619,0.5245476961135864,2007,VNM,1.8376366593249918
-0.9818122982978821,0.6370081305503845,-0.4190076291561126,2007,RWA,3.1277059346389278
-0.9817533493041992,0.6368189454078674,-0.4190682470798493,2007,MRT,3.12758144300726
0.24062976241111755,-0.7300277352333069,-0.3486670255661011,2007,AFG,1.8599185824716997
-0.9818187355995177,0.6370006799697876,-0.41901278495788574,2007,AUS,3.127706609943907
-0.9818129539489746,0.6370163559913635,-0.41900390386581426,2007,LTU,3.127709862577778
0.8830186128616333,1.4211786985397339,1.1101610660552979,2007,IDN,2.9860683486686708
-0.9818052649497984,0.636983335018158,-0.41900110244750977,2007,MDV,3.1276819052858857
-0.8263280987739563,-1.1025031805038452,-3.3567101955413814,2007,ZWE,4.866418037298431
0.718646228313446,0.21326327323913577,0.11210828274488448,2007,ISL,2.132799933357238
-0.9818249344825744,0.6370102763175964,-0.4190093576908111,2007,PRT,3.127714209965668
0.7930483222007751,0.09678363054990768,0.5245450735092163,2007,RUS,1.8376377473395853
0.7186468243598938,0.21326228976249695,0.11210779845714568,2007,KHM,2.1327994760040907
-0.9818490743637085,0.6370154619216919,-0.41900479793548584,2007,GEO,3.127726407476794
-0.004048578441143036,1.4471137523651123,-3.8799779415130615,2007,NIC,6.006182890995636
0.6652019619941711,1.6761454343795776,-1.7357088327407837,2007,NPL,4.4300089983534745
0.7186462879180908,0.2132621705532074,0.1121077686548233,2007,BEL,2.1327993308338806
0.7930482625961304,0.09678329527378082,0.5245463252067566,2007,JPN,1.8376369004638273
-1.4420444965362549,0.09930494427680968,-0.6677795052528381,2007,PRK,3.195237636222636
2.0892248153686523,-0.07768920809030533,-1.0984408855438232,2007,YEM,3.2536686557166328
-0.9818325638771056,0.6370304226875305,-0.419005274772644,2007,DEU,3.1277294081060125
0.7930471897125245,0.09678445756435394,0.5245460867881775,2007,KAZ,1.8376378371547601
0.19481362402439115,-1.0418860912322998,-0.36685168743133545,2007,BIH,1.7726380569488442
-0.9818459153175354,0.6368366479873657,-0.4188808500766754,2007,SYC,3.1275323982665393
2.089242935180664,-0.07769428938627243,-1.09843909740448,2007,JOR,3.2536741290331164
0.7930472493171691,0.09678316116333008,0.5245479941368103,2007,BGR,1.837635879417246
3.313400983810425,5.011605262756347,3.3568530082702637,2007,SDN,7.420112047174287
-0.9818116426467896,0.6369820833206177,-0.4189870655536651,2007,CHE,3.1276761911537214
1.374311089515686,0.3053140342235565,0.5114152431488037,2007,EGY,2.2005189308950075
1.282742619514465,0.3427700102329254,-0.08057043701410292,2007,DZA,2.475147617620894
-0.98181015253067,0.637012779712677,-0.4190075993537902,2007,TKM,3.127708145740215
-3.1873505115509033,1.650529146194458,-1.2605098485946655,2007,BLZ,5.482532549999769
0.883018136024475,1.4211803674697876,1.1101607084274292,2007,LBN,2.986069954276044
0.8852683305740356,-1.661709189414978,1.128271460533142,2007,IRQ,0.48288487034013006
-0.9818142056465149,0.637016773223877,-0.41900381445884705,2007,ARM,3.127710679311456
-0.9818118214607239,0.6370155811309814,-0.41900715231895447,2007,UKR,3.1277106066543023
0.5381522178649902,-0.8288947939872743,-0.5548617243766785,2007,HUN,1.9994649501204333
2.0892322063446045,-0.07769380509853363,-1.0984400510787964,2007,BHR,3.253669685201144
-0.9818410277366638,0.6368937492370605,-0.41893139481544495,2007,SVN,3.1275977157520494
0.7554981112480164,0.9535642862319945,1.4102482795715332,2007,ARG,2.5004101252688704
-1.4420303106307983,0.09931691735982895,-0.6677672863006592,2007,AGO,3.1952276924853393
-0.981811285018921,0.6370119452476501,-0.41900607943534846,2007,AUT,3.127707247180163
-0.9818117618560792,0.6370136141777039,-0.41900834441185,2007,FJI,3.127709879413589
-3.1873509883880615,1.6505290269851685,-1.2605105638504028,2007,URY,5.48253313449629
