-9.818116426467895508e-01,6.370153427124023438e-01,-4.190074801445007324e-01
8.830197453498840332e-01,1.421178340911865234e+00,1.110162496566772461e+00
4.614300429821014404e-01,-1.527739882469177246e+00,1.316926836967468262e+00
-4.267203062772750854e-02,-1.250939726829528809e+00,1.820795059204101562e+00
-1.442041158676147461e+00,9.930794686079025269e-02,-6.677752733230590820e-01
8.830185532569885254e-01,1.421179652214050293e+00,1.110161781311035156e+00
1.410586684942245483e-01,-7.345274686813354492e-01,-1.221869736909866333e-01
-3.294406831264495850e-01,-1.773594975471496582e+00,1.365994095802307129e+00
-1.364682555198669434e+00,1.341613292694091797e+00,2.441150665283203125e+00
-3.294402360916137695e-01,-1.773598670959472656e+00,1.365991950035095215e+00
-2.206325829029083252e-01,-7.647564411163330078e-01,-3.067222237586975098e-01
1.744335442781448364e-01,-1.900761365890502930e+00,7.472359538078308105e-01
-9.818133711814880371e-01,6.370149850845336914e-01,-4.190054237842559814e-01
-3.187339544296264648e+00,1.650538206100463867e+00,-1.260499358177185059e+00
1.282709836959838867e+00,3.428083062171936035e-01,-8.055820316076278687e-02
-2.124931812286376953e-01,-8.914241790771484375e-01,-6.003413349390029907e-02
-9.818295240402221680e-01,6.369426250457763672e-01,-4.190177321434020996e-01
7.555277347564697266e-01,9.535331130027770996e-01,1.410292625427246094e+00
-9.818565845489501953e-01,6.367942690849304199e-01,-4.189856052398681641e-01
1.948135942220687866e-01,-1.041885972023010254e+00,-3.668520748615264893e-01
-3.294334411621093750e-01,-1.773580312728881836e+00,1.366004586219787598e+00
-3.187355756759643555e+00,1.650524020195007324e+00,-1.260514616966247559e+00
-8.974277377128601074e-01,-2.181615829467773438e+00,-9.001996517181396484e-01
-4.267207905650138855e-02,-1.250948786735534668e+00,1.820793747901916504e+00
1.948133111000061035e-01,-1.041885495185852051e+00,-3.668521642684936523e-01
-9.818092584609985352e-01,6.369788050651550293e-01,-4.189954400062561035e-01
8.830193281173706055e-01,1.421179056167602539e+00,1.110161900520324707e+00
-2.206325680017471313e-01,-7.647563219070434570e-01,-3.067223131656646729e-01
-1.364682197570800781e+00,1.341612815856933594e+00,2.441150188446044922e+00
-4.327167987823486328e+00,-2.512432575225830078e+00,-2.664512693881988525e-01
7.555197477340698242e-01,9.535329341888427734e-01,1.410308480262756348e+00
8.830195665359497070e-01,1.421178936958312988e+00,1.110161781311035156e+00
-9.818120598793029785e-01,6.370103359222412109e-01,-4.190068542957305908e-01
7.555215954780578613e-01,9.535223841667175293e-01,1.410335183143615723e+00
1.744345277547836304e-01,-1.900763869285583496e+00,7.472335100173950195e-01
-3.294476270675659180e-01,-1.773611783981323242e+00,1.365979909896850586e+00
-3.187362194061279297e+00,1.650518059730529785e+00,-1.260521054267883301e+00
-2.112294912338256836e+00,-3.563131093978881836e-01,2.435679197311401367e+00
7.555140256881713867e-01,9.535452127456665039e-01,1.410293936729431152e+00
-2.112294673919677734e+00,-3.563128411769866943e-01,2.435678005218505859e+00
-9.818243384361267090e-01,6.370303630828857422e-01,-4.190195798873901367e-01
-4.267212748527526855e-02,-1.250939965248107910e+00,1.820789098739624023e+00
-1.442029714584350586e+00,9.931637346744537354e-02,-6.677652001380920410e-01
-1.442037582397460938e+00,9.931198507547378540e-02,-6.677715778350830078e-01
-9.818110466003417969e-01,6.370121240615844727e-01,-4.190074205398559570e-01
2.040703535079956055e+00,4.716488838195800781e+00,1.113272190093994141e+00
-3.187344074249267578e+00,1.650534987449645996e+00,-1.260502338409423828e+00
-2.124926745891571045e-01,-8.914237618446350098e-01,-6.003380566835403442e-02
-1.364681482315063477e+00,1.341612219810485840e+00,2.441150665283203125e+00
1.374316573143005371e+00,3.053120374679565430e-01,5.114046931266784668e-01
3.313401222229003906e+00,5.011605262756347656e+00,3.356853008270263672e+00
-2.112293958663940430e+00,-3.563134968280792236e-01,2.435679674148559570e+00
-9.818251729011535645e-01,6.369957923889160156e-01,-4.190125763416290283e-01
3.052579462528228760e-01,-8.840725421905517578e-01,-6.915895938873291016e-01
-9.818105697631835938e-01,6.370161175727844238e-01,-4.190073609352111816e-01
-2.124928086996078491e-01,-8.914247155189514160e-01,-6.003380939364433289e-02
3.101325750350952148e+00,-4.262711048126220703e+00,-2.131384372711181641e+00
-9.818257093429565430e-01,6.369460821151733398e-01,-4.190107583999633789e-01
-4.267681762576103210e-02,-1.250945687294006348e+00,1.820802450180053711e+00
2.040704727172851562e+00,4.716486930847167969e+00,1.113273978233337402e+00
-3.294419348239898682e-01,-1.773598313331604004e+00,1.365992784500122070e+00
-1.979225277900695801e+00,-1.304649233818054199e+00,8.090204000473022461e-01
-3.294317722320556641e-01,-1.773581624031066895e+00,1.366005301475524902e+00
-9.818084239959716797e-01,6.369826793670654297e-01,-4.190063774585723877e-01
-2.206324487924575806e-01,-7.647566199302673340e-01,-3.067223131656646729e-01
1.744337379932403564e-01,-1.900765776634216309e+00,7.472330331802368164e-01
-2.206329554319381714e-01,-7.647578716278076172e-01,-3.067231476306915283e-01
-2.124924659729003906e-01,-8.914240002632141113e-01,-6.003358960151672363e-02
4.614304602146148682e-01,-1.527739644050598145e+00,1.316926956176757812e+00
8.830193281173706055e-01,1.421177983283996582e+00,1.110162019729614258e+00
-2.124928534030914307e-01,-8.914241790771484375e-01,-6.003406643867492676e-02
-2.206324785947799683e-01,-7.647565603256225586e-01,-3.067222535610198975e-01
-2.206326127052307129e-01,-7.647569775581359863e-01,-3.067224323749542236e-01
1.744354814291000366e-01,-1.900759339332580566e+00,7.472336888313293457e-01
8.830195069313049316e-01,1.421178817749023438e+00,1.110162258148193359e+00
8.830193281173706055e-01,1.421178936958312988e+00,1.110161542892456055e+00
-9.818149209022521973e-01,6.369689702987670898e-01,-4.190017282962799072e-01
-1.979203701019287109e+00,-1.304642319679260254e+00,8.090446591377258301e-01
-9.818103909492492676e-01,6.370115876197814941e-01,-4.190068244934082031e-01
-3.187341928482055664e+00,1.650536537170410156e+00,-1.260501980781555176e+00
7.555012106895446777e-01,9.535397291183471680e-01,1.410311579704284668e+00
-9.818070530891418457e-01,6.369833350181579590e-01,-4.189935326576232910e-01
-9.818071722984313965e-01,6.369801163673400879e-01,-4.190015196800231934e-01
-3.294288218021392822e-01,-1.773572444915771484e+00,1.366013646125793457e+00
-1.979218244552612305e+00,-1.304646849632263184e+00,8.090153336524963379e-01
-9.818360209465026855e-01,6.370109319686889648e-01,-4.190224409103393555e-01
-9.818071126937866211e-01,6.369047760963439941e-01,-4.190592467784881592e-01
-2.206326872110366821e-01,-7.647569775581359863e-01,-3.067225515842437744e-01
-9.818144440650939941e-01,6.370072960853576660e-01,-4.190123379230499268e-01
-9.818536043167114258e-01,6.370247602462768555e-01,-4.189252257347106934e-01
-3.294368088245391846e-01,-1.773588776588439941e+00,1.365999579429626465e+00
1.744343340396881104e-01,-1.900760173797607422e+00,7.472383975982666016e-01
-2.124925255775451660e-01,-8.914236426353454590e-01,-6.003372743725776672e-02
8.830203413963317871e-01,1.421177744865417480e+00,1.110163092613220215e+00
-2.112295389175415039e+00,-3.563134074211120605e-01,2.435678005218505859e+00
-9.818109273910522461e-01,6.370155811309814453e-01,-4.190066158771514893e-01
-2.124924063682556152e-01,-8.914241194725036621e-01,-6.003330275416374207e-02
8.830186724662780762e-01,1.421179652214050293e+00,1.110161304473876953e+00
-1.442023396492004395e+00,9.932400286197662354e-02,-6.677584052085876465e-01
7.930477857589721680e-01,9.678388386964797974e-02,5.245467424392700195e-01
-2.124929726123809814e-01,-8.914237618446350098e-01,-6.003390252590179443e-02
1.948136091232299805e-01,-1.041885972023010254e+00,-3.668521940708160400e-01
8.830190300941467285e-01,1.421179652214050293e+00,1.110162258148193359e+00
7.555208206176757812e-01,9.535354375839233398e-01,1.410300970077514648e+00
-1.364680290222167969e+00,1.341611504554748535e+00,2.441153049468994141e+00
-9.818170666694641113e-01,6.370235085487365723e-01,-4.190139770507812500e-01
-4.267925024032592773e-02,-1.250939726829528809e+00,1.820798635482788086e+00
-3.294383287429809570e-01,-1.773590326309204102e+00,1.365997910499572754e+00
-9.818076491355895996e-01,6.369816660881042480e-01,-4.189943075180053711e-01
-4.267255961894989014e-02,-1.250947713851928711e+00,1.820787906646728516e+00
-1.005061268806457520e+00,-6.256965398788452148e-01,4.439252614974975586e-01
-9.818317294120788574e-01,6.369993090629577637e-01,-4.189800322055816650e-01
4.614300131797790527e-01,-1.527740001678466797e+00,1.316927075386047363e+00
-1.442025542259216309e+00,9.932263940572738647e-02,-6.677610278129577637e-01
-9.818108081817626953e-01,6.370118856430053711e-01,-4.190078675746917725e-01
2.754213094711303711e+00,-2.474759101867675781e+00,-1.401860117912292480e+00
-1.005061388015747070e+00,-6.256961822509765625e-01,4.439249634742736816e-01
3.287594318389892578e-01,-1.046107411384582520e+00,-4.248924851417541504e-01
-9.818140864372253418e-01,6.370094418525695801e-01,-4.190051257610321045e-01
-4.266776517033576965e-02,-1.250949025154113770e+00,1.820790648460388184e+00
-9.818049669265747070e-01,6.369842886924743652e-01,-4.189950227737426758e-01
8.830187916755676270e-01,1.421179413795471191e+00,1.110161900520324707e+00
1.744342446327209473e-01,-1.900763511657714844e+00,7.472383975982666016e-01
8.830195069313049316e-01,1.421178579330444336e+00,1.110162258148193359e+00
1.948127299547195435e-01,-1.041885495185852051e+00,-3.668523132801055908e-01
2.040702581405639648e+00,4.716488361358642578e+00,1.113271355628967285e+00
-1.442021012306213379e+00,9.932750463485717773e-02,-6.677543520927429199e-01
-3.687934398651123047e+00,6.300850510597229004e-01,2.379970550537109375e+00
-3.294342756271362305e-01,-1.773583054542541504e+00,1.366002798080444336e+00
-6.035984754562377930e-01,-3.059559345245361328e+00,-1.279668331146240234e+00
5.952425599098205566e-01,-2.037197828292846680e+00,4.897451102733612061e-01
-9.818279147148132324e-01,6.369577646255493164e-01,-4.189555644989013672e-01
7.930472493171691895e-01,9.678404778242111206e-02,5.245456099510192871e-01
8.830199241638183594e-01,1.421178460121154785e+00,1.110162496566772461e+00
1.282705545425415039e+00,3.428131341934204102e-01,-8.059231191873550415e-02
8.852319717407226562e-01,-1.661693572998046875e+00,1.128273725509643555e+00
5.952421426773071289e-01,-2.037161588668823242e+00,4.897624552249908447e-01
8.852946758270263672e-01,-1.661718368530273438e+00,1.128244638442993164e+00
1.282732129096984863e+00,3.428298234939575195e-01,-8.057685196399688721e-02
-9.818278551101684570e-01,6.370215415954589844e-01,-4.190186560153961182e-01
-9.818270206451416016e-01,6.369431614875793457e-01,-4.190131127834320068e-01
-1.442051053047180176e+00,9.929832816123962402e-02,-6.677860021591186523e-01
-9.818112850189208984e-01,6.370147466659545898e-01,-4.190072417259216309e-01
-1.296178936958312988e+00,-1.021858096122741699e+00,-2.080966949462890625e+00
4.614296555519104004e-01,-1.527739644050598145e+00,1.316927313804626465e+00
4.614282250404357910e-01,-1.527737498283386230e+00,1.316926836967468262e+00
4.962367117404937744e-01,-1.039269328117370605e+00,-1.604751199483871460e-01
1.374308109283447266e+00,3.052914142608642578e-01,5.114336013793945312e-01
-3.187341928482055664e+00,1.650535821914672852e+00,-1.260503530502319336e+00
1.374279260635375977e+00,3.053157031536102295e-01,5.114004611968994141e-01
7.930474877357482910e-01,9.678459167480468750e-02,5.245463252067565918e-01
-9.818329811096191406e-01,6.370304822921752930e-01,-4.190112352371215820e-01
-9.818450808525085449e-01,6.369834542274475098e-01,-4.189279675483703613e-01
-9.818317890167236328e-01,6.369417309761047363e-01,-4.190170764923095703e-01
2.089227676391601562e+00,-7.769056409597396851e-02,-1.098439455032348633e+00
1.410584151744842529e-01,-7.345273494720458984e-01,-1.221871972084045410e-01
3.313402652740478516e+00,5.011604785919189453e+00,3.356852054595947266e+00
-3.187344074249267578e+00,1.650534272193908691e+00,-1.260504245758056641e+00
1.374302029609680176e+00,3.053340911865234375e-01,5.113971233367919922e-01
-1.442020177841186523e+00,9.932872653007507324e-02,-6.677544116973876953e-01
1.282711505889892578e+00,3.427939116954803467e-01,-8.058249205350875854e-02
1.282710075378417969e+00,3.428221940994262695e-01,-8.059004694223403931e-02
3.779181003570556641e+00,-2.395165443420410156e+00,-1.481511592864990234e+00
2.089227437973022461e+00,-7.769001275300979614e-02,-1.098440289497375488e+00
-3.187341928482055664e+00,1.650535702705383301e+00,-1.260501146316528320e+00
8.852436542510986328e-01,-1.661710500717163086e+00,1.128289580345153809e+00
-9.818097949028015137e-01,6.369830965995788574e-01,-4.189910888671875000e-01
-1.861823916435241699e+00,-4.026077747344970703e+00,-2.341912269592285156e+00
4.614299833774566650e-01,-1.527740120887756348e+00,1.316927313804626465e+00
1.374306201934814453e+00,3.053259849548339844e-01,5.114002227783203125e-01
-9.818217754364013672e-01,6.370142102241516113e-01,-4.190154671669006348e-01
8.852905631065368652e-01,-1.661729812622070312e+00,1.128248453140258789e+00
-9.818216562271118164e-01,6.369424462318420410e-01,-4.190164506435394287e-01
-1.442030549049377441e+00,9.931888431310653687e-02,-6.677639484405517578e-01
5.381528139114379883e-01,-8.288952708244323730e-01,-5.548608899116516113e-01
7.186462879180908203e-01,2.132627964019775391e-01,1.121082678437232971e-01
-1.442029833793640137e+00,9.931886941194534302e-02,-6.677640676498413086e-01
6.652022600173950195e-01,1.676145195960998535e+00,-1.735709071159362793e+00
-9.818230867385864258e-01,6.370311975479125977e-01,-4.190209209918975830e-01
6.652024984359741211e-01,1.676144123077392578e+00,-1.735709190368652344e+00
-9.818125963211059570e-01,6.370098590850830078e-01,-4.190071225166320801e-01
-9.818106889724731445e-01,6.370113492012023926e-01,-4.190069139003753662e-01
1.374276399612426758e+00,3.053096532821655273e-01,5.114025473594665527e-01
-1.030020713806152344e-01,-1.156596183776855469e+00,-4.094907343387603760e-01
7.186459898948669434e-01,2.132633328437805176e-01,1.121090799570083618e-01
-9.818114638328552246e-01,6.370151042938232422e-01,-4.190073907375335693e-01
7.186462283134460449e-01,2.132631689310073853e-01,1.121086329221725464e-01
7.930478453636169434e-01,9.678529202938079834e-02,5.245447158813476562e-01
7.186471223831176758e-01,2.132622301578521729e-01,1.121077090501785278e-01
8.830189108848571777e-01,1.421178579330444336e+00,1.110162138938903809e+00
-9.818150401115417480e-01,6.370065808296203613e-01,-4.190075099468231201e-01
6.652023196220397949e-01,1.676144719123840332e+00,-1.735709190368652344e+00
4.198905229568481445e-01,-9.724585413932800293e-01,-7.219138145446777344e-01
-1.442023396492004395e+00,9.932515770196914673e-02,-6.677579283714294434e-01
-9.816090464591979980e-01,6.366197466850280762e-01,-4.189070165157318115e-01
5.381532311439514160e-01,-8.288958668708801270e-01,-5.548606514930725098e-01
6.652028560638427734e-01,1.676144838333129883e+00,-1.735709786415100098e+00
-9.818308949470520020e-01,6.368840932846069336e-01,-4.189925491809844971e-01
-9.818124771118164062e-01,6.370150446891784668e-01,-4.190077185630798340e-01
-1.442038059234619141e+00,9.931056201457977295e-02,-6.677729487419128418e-01
7.186464667320251465e-01,2.132630050182342529e-01,1.121082007884979248e-01
-9.818437099456787109e-01,6.370101571083068848e-01,-4.190202057361602783e-01
-1.442032337188720703e+00,9.931728243827819824e-02,-6.677668094635009766e-01
1.173533499240875244e-01,-9.028165340423583984e-01,7.867337018251419067e-02
1.282731413841247559e+00,3.428062200546264648e-01,-8.055108040571212769e-02
8.852663636207580566e-01,-1.661699891090393066e+00,1.128282189369201660e+00
1.282770991325378418e+00,3.427623808383941650e-01,-8.061576634645462036e-02
2.406297177076339722e-01,-7.300278544425964355e-01,-3.486673235893249512e-01
7.930475473403930664e-01,9.678427875041961670e-02,5.245455503463745117e-01
3.002758741378784180e+00,-1.789941906929016113e+00,-1.660048723220825195e+00
1.282791018486022949e+00,3.427959680557250977e-01,-8.055742830038070679e-02
7.930478453636169434e-01,9.678459167480468750e-02,5.245459079742431641e-01
-9.818113446235656738e-01,6.370165348052978516e-01,-4.190079569816589355e-01
-1.364680290222167969e+00,1.341611146926879883e+00,2.441153049468994141e+00
-3.187346220016479492e+00,1.650531053543090820e+00,-1.260507464408874512e+00
-1.442025184631347656e+00,9.932299703359603882e-02,-6.677601933479309082e-01
4.614296257495880127e-01,-1.527739286422729492e+00,1.316927194595336914e+00
-9.818683266639709473e-01,6.367415189743041992e-01,-4.189164340496063232e-01
2.962223291397094727e-01,-8.865516781806945801e-01,-3.683127164840698242e-01
5.811223983764648438e-01,-1.174726366996765137e+00,-6.215732097625732422e-01
2.754209995269775391e+00,-2.474759101867675781e+00,-1.401859521865844727e+00
5.952452421188354492e-01,-2.037155628204345703e+00,4.897868335247039795e-01
-1.442016363143920898e+00,9.933180361986160278e-02,-6.677514314651489258e-01
-9.818120598793029785e-01,6.370145082473754883e-01,-4.190084040164947510e-01
1.374309539794921875e+00,3.052935898303985596e-01,5.114247202873229980e-01
8.858992159366607666e-02,-6.922208666801452637e-01,-2.987653315067291260e-01
-9.818128943443298340e-01,6.370118260383605957e-01,-4.190086722373962402e-01
-3.687934398651123047e+00,6.300856471061706543e-01,2.379970788955688477e+00
1.374314665794372559e+00,3.053044974803924561e-01,5.114155411720275879e-01
-3.187350749969482422e+00,1.650528430938720703e+00,-1.260508060455322266e+00
5.951741337776184082e-01,-2.037320137023925781e+00,4.896807670593261719e-01
6.998547315597534180e-01,-1.057303547859191895e+00,-1.003988742828369141e+00
-3.187342882156372070e+00,1.650533437728881836e+00,-1.260507106781005859e+00
-9.818047881126403809e-01,6.369851231575012207e-01,-4.189977645874023438e-01
2.089233875274658203e+00,-7.769168168306350708e-02,-1.098445057868957520e+00
-9.818146228790283203e-01,6.370067596435546875e-01,-4.190124869346618652e-01
5.811231732368469238e-01,-1.174726963043212891e+00,-6.215732693672180176e-01
-9.818106889724731445e-01,6.370162367820739746e-01,-4.190074801445007324e-01
-9.818111658096313477e-01,6.370161175727844238e-01,-4.190083146095275879e-01
-9.818077087402343750e-01,6.369849443435668945e-01,-4.189920425415039062e-01
-1.364680647850036621e+00,1.341611742973327637e+00,2.441152334213256836e+00
7.930473089218139648e-01,9.678347408771514893e-02,5.245464444160461426e-01
1.374307513236999512e+00,3.052940368652343750e-01,5.114313960075378418e-01
5.811219215393066406e-01,-1.174726724624633789e+00,-6.215730309486389160e-01
5.811235904693603516e-01,-1.174727916717529297e+00,-6.215725541114807129e-01
5.811229944229125977e-01,-1.174728751182556152e+00,-6.215721368789672852e-01
-1.442020893096923828e+00,9.932894259691238403e-02,-6.677539348602294922e-01
5.952441692352294922e-01,-2.037174463272094727e+00,4.897673130035400391e-01
-1.442053437232971191e+00,9.929529577493667603e-02,-6.677888631820678711e-01
-9.818109869956970215e-01,6.370115280151367188e-01,-4.190072715282440186e-01
-9.818128943443298340e-01,6.370097994804382324e-01,-4.190056622028350830e-01
5.049194693565368652e-01,-8.519151210784912109e-01,-3.725921809673309326e-01
1.374302625656127930e+00,3.053092360496520996e-01,5.114237070083618164e-01
1.948126256465911865e-01,-1.041884660720825195e+00,-3.668526709079742432e-01
-1.869222968816757202e-01,-8.516513705253601074e-01,-3.664855003356933594e+00
6.652020812034606934e-01,1.676144719123840332e+00,-1.735708951950073242e+00
-9.818345308303833008e-01,6.370173692703247070e-01,-4.190231859683990479e-01
5.811233520507812500e-01,-1.174727439880371094e+00,-6.215729713439941406e-01
8.852723836898803711e-01,-1.661711692810058594e+00,1.128267049789428711e+00
-9.818151593208312988e-01,6.370103955268859863e-01,-4.190047383308410645e-01
8.852910995483398438e-01,-1.661706924438476562e+00,1.128258705139160156e+00
-4.955777525901794434e-01,-3.359794616699218750e+00,-1.518950819969177246e+00
5.952956676483154297e-01,-2.037115812301635742e+00,4.897737503051757812e-01
-1.364680171012878418e+00,1.341611385345458984e+00,2.441152811050415039e+00
7.930486202239990234e-01,9.678377211093902588e-02,5.245439410209655762e-01
-2.571064710617065430e+00,-4.504793167114257812e+00,-1.570070266723632812e+00
5.811244249343872070e-01,-1.174728393554687500e+00,-6.215723156929016113e-01
-1.442041635513305664e+00,9.930816292762756348e-02,-6.677759885787963867e-01
-9.818108081817626953e-01,6.370123028755187988e-01,-4.190078079700469971e-01
8.276394605636596680e-01,4.603644847869873047e+00,4.489124774932861328e+00
1.338098943233489990e-01,-3.953417301177978516e+00,1.035584926605224609e+00
1.406211376190185547e+00,-2.222116708755493164e+00,-3.242229461669921875e+00
7.555305957794189453e-01,9.535344243049621582e-01,1.410275101661682129e+00
8.830205202102661133e-01,1.421178340911865234e+00,1.110163331031799316e+00
-5.494349956512451172e+00,1.292701244354248047e+00,3.641049146652221680e+00
1.355534672737121582e+00,3.127682685852050781e+00,-2.145347356796264648e+00
1.282692193984985352e+00,3.427856862545013428e-01,-8.057770878076553345e-02
5.811222791671752930e-01,-1.174727916717529297e+00,-6.215728521347045898e-01
8.853126168251037598e-01,-1.661714315414428711e+00,1.128252744674682617e+00
7.555394768714904785e-01,9.535180330276489258e-01,1.410324454307556152e+00
-9.818125367164611816e-01,6.369808316230773926e-01,-4.189881086349487305e-01
8.852258920669555664e-01,-1.661686897277832031e+00,1.128320574760437012e+00
4.198909699916839600e-01,-9.724587798118591309e-01,-7.219140529632568359e-01
7.554964423179626465e-01,9.535649418830871582e-01,1.410251736640930176e+00
2.089235067367553711e+00,-7.769177854061126709e-02,-1.098443984985351562e+00
-3.687933921813964844e+00,6.300850510597229004e-01,2.379970550537109375e+00
1.282754659652709961e+00,3.427750468254089355e-01,-8.057262003421783447e-02
-1.979197025299072266e+00,-1.304640054702758789e+00,8.090311288833618164e-01
8.853260278701782227e-01,-1.661710977554321289e+00,1.128223180770874023e+00
-6.263558268547058105e-01,-1.445790052413940430e+00,-8.981937766075134277e-01
-9.818105697631835938e-01,6.370126605033874512e-01,-4.190061092376708984e-01
1.948127746582031250e-01,-1.041885495185852051e+00,-3.668525218963623047e-01
1.282751917839050293e+00,3.427743613719940186e-01,-8.059401810169219971e-02
-9.818107485771179199e-01,6.370153427124023438e-01,-4.190076589584350586e-01
7.930473089218139648e-01,9.678414463996887207e-02,5.245463252067565918e-01
1.282808423042297363e+00,3.427679836750030518e-01,-8.055129647254943848e-02
1.282716274261474609e+00,3.428016602993011475e-01,-8.060110360383987427e-02
5.952587127685546875e-01,-2.037115335464477539e+00,4.898168742656707764e-01
1.374301433563232422e+00,3.052966594696044922e-01,5.114201307296752930e-01
1.374279856681823730e+00,3.053197264671325684e-01,5.114166736602783203e-01
2.089236974716186523e+00,-7.769060879945755005e-02,-1.098437547683715820e+00
-9.818063378334045410e-01,6.369784474372863770e-01,-4.190041124820709229e-01
8.852756619453430176e-01,-1.661700606346130371e+00,1.128284096717834473e+00
8.852583169937133789e-01,-1.661709189414978027e+00,1.128273010253906250e+00
4.614311456680297852e-01,-1.527740001678466797e+00,1.316924571990966797e+00
8.852599263191223145e-01,-1.661715269088745117e+00,1.128280401229858398e+00
1.282757163047790527e+00,3.427586257457733154e-01,-8.057861775159835815e-02
-9.818319082260131836e-01,6.368964910507202148e-01,-4.190331101417541504e-01
1.282762408256530762e+00,3.427503407001495361e-01,-8.056870102882385254e-02
5.811225175857543945e-01,-1.174727797508239746e+00,-6.215720772743225098e-01
-2.975800633430480957e-01,-2.743615150451660156e+00,-1.206565141677856445e+00
5.811226963996887207e-01,-1.174726724624633789e+00,-6.215732097625732422e-01
1.727278709411621094e+00,-1.392170906066894531e+00,-1.051443099975585938e+00
-9.818369150161743164e-01,6.369806528091430664e-01,-4.190262258052825928e-01
5.952458381652832031e-01,-2.037132978439331055e+00,4.897757768630981445e-01
-1.364682435989379883e+00,1.341613411903381348e+00,2.441150426864624023e+00
2.754210710525512695e+00,-2.474758148193359375e+00,-1.401859641075134277e+00
5.381523966789245605e-01,-8.288948535919189453e-01,-5.548616647720336914e-01
-9.818373322486877441e-01,6.369337439537048340e-01,-4.189873039722442627e-01
7.930477857589721680e-01,9.678392112255096436e-02,5.245450735092163086e-01
-1.442057013511657715e+00,9.929249435663223267e-02,-6.677911877632141113e-01
5.952081680297851562e-01,-2.037189722061157227e+00,4.897311329841613770e-01
1.282703399658203125e+00,3.428207039833068848e-01,-8.059509098529815674e-02
-9.818055033683776855e-01,6.369830369949340820e-01,-4.189964830875396729e-01
-1.005061149597167969e+00,-6.256964802742004395e-01,4.439253211021423340e-01
7.930476069450378418e-01,9.678419679403305054e-02,5.245454907417297363e-01
5.381529927253723145e-01,-8.288955688476562500e-01,-5.548606514930725098e-01
5.811219215393066406e-01,-1.174727678298950195e+00,-6.215721964836120605e-01
-1.442008018493652344e+00,9.933907538652420044e-02,-6.677425503730773926e-01
8.830193877220153809e-01,1.421178460121154785e+00,1.110162019729614258e+00
-1.364682316780090332e+00,1.341613054275512695e+00,2.441151380538940430e+00
1.173531860113143921e-01,-9.028167128562927246e-01,7.867313176393508911e-02
2.089226245880126953e+00,-7.769350707530975342e-02,-1.098440289497375488e+00
4.614299833774566650e-01,-1.527739286422729492e+00,1.316927433013916016e+00
-9.818070530891418457e-01,6.369853019714355469e-01,-4.189914464950561523e-01
1.450342893600463867e+00,4.109971046447753906e+00,-2.481253147125244141e+00
5.811218023300170898e-01,-1.174727320671081543e+00,-6.215729117393493652e-01
-6.970817446708679199e-01,-2.340511083602905273e+00,-7.447880506515502930e-01
1.355534434318542480e+00,3.127683401107788086e+00,-2.145347118377685547e+00
-1.206318616867065430e+00,-3.595837116241455078e+00,-7.078470587730407715e-01
8.852618932723999023e-01,-1.661693453788757324e+00,1.128289699554443359e+00
-2.586967945098876953e+00,-3.124680519104003906e+00,3.735599815845489502e-01
1.282767772674560547e+00,3.427807986736297607e-01,-8.058135211467742920e-02
1.173536404967308044e-01,-9.028163552284240723e-01,7.867349684238433838e-02
-9.818105101585388184e-01,6.370134353637695312e-01,-4.190083742141723633e-01
8.852789998054504395e-01,-1.661723375320434570e+00,1.128253936767578125e+00
-1.296191096305847168e+00,-1.021857619285583496e+00,-2.080962419509887695e+00
7.186466455459594727e-01,2.132629454135894775e-01,1.121079772710800171e-01
5.811222791671752930e-01,-1.174726724624633789e+00,-6.215730309486389160e-01
2.089229345321655273e+00,-7.769080251455307007e-02,-1.098439931869506836e+00
8.852529525756835938e-01,-1.661708116531372070e+00,1.128274798393249512e+00
7.930480837821960449e-01,9.678456187248229980e-02,5.245467424392700195e-01
5.811243057250976562e-01,-1.174727559089660645e+00,-6.215727925300598145e-01
1.374320149421691895e+00,3.053116500377655029e-01,5.114174485206604004e-01
-1.442015171051025391e+00,9.933266788721084595e-02,-6.677501201629638672e-01
8.852213621139526367e-01,-1.661670684814453125e+00,1.128337621688842773e+00
-9.818074703216552734e-01,6.369864940643310547e-01,-4.189956784248352051e-01
1.282793283462524414e+00,3.427768945693969727e-01,-8.058534562587738037e-02
4.614292085170745850e-01,-1.527738809585571289e+00,1.316927075386047363e+00
1.374321103096008301e+00,3.053223788738250732e-01,5.114044547080993652e-01
-9.818100333213806152e-01,6.370133161544799805e-01,-4.190107285976409912e-01
5.381528139114379883e-01,-8.288952708244323730e-01,-5.548612475395202637e-01
-4.327164173126220703e+00,-2.512428760528564453e+00,-2.664516270160675049e-01
6.998548507690429688e-01,-1.057303071022033691e+00,-1.003989100456237793e+00
1.282691359519958496e+00,3.427943885326385498e-01,-8.056847751140594482e-02
5.952534079551696777e-01,-2.037144660949707031e+00,4.897763431072235107e-01
7.555207610130310059e-01,9.535436034202575684e-01,1.410262703895568848e+00
4.614285528659820557e-01,-1.527739048004150391e+00,1.316929459571838379e+00
8.830186724662780762e-01,1.421179056167602539e+00,1.110161423683166504e+00
1.948141604661941528e-01,-1.041886210441589355e+00,-3.668516278266906738e-01
2.754212141036987305e+00,-2.474758625030517578e+00,-1.401860117912292480e+00
6.652021408081054688e-01,1.676144719123840332e+00,-1.735708951950073242e+00
-9.818115830421447754e-01,6.370156407356262207e-01,-4.190076887607574463e-01
-9.818116426467895508e-01,6.370148062705993652e-01,-4.190076291561126709e-01
1.374311804771423340e+00,3.052936196327209473e-01,5.114347934722900391e-01
1.374290227890014648e+00,3.053254187107086182e-01,5.113995671272277832e-01
1.374293565750122070e+00,3.053284287452697754e-01,5.113963484764099121e-01
5.811244249343872070e-01,-1.174728274345397949e+00,-6.215724349021911621e-01
8.852638006210327148e-01,-1.661713361740112305e+00,1.128285646438598633e+00
-9.818334579467773438e-01,6.370170712471008301e-01,-4.190238714218139648e-01
8.852569460868835449e-01,-1.661705970764160156e+00,1.128270268440246582e+00
-9.818291068077087402e-01,6.370221972465515137e-01,-4.190219938755035400e-01
-9.818224906921386719e-01,6.370108723640441895e-01,-4.190126657485961914e-01
-9.818124175071716309e-01,6.370087265968322754e-01,-4.190084636211395264e-01
1.338104307651519775e-01,-3.953407526016235352e+00,1.035583496093750000e+00
1.374323606491088867e+00,3.052851855754852295e-01,5.114376544952392578e-01
1.374310612678527832e+00,3.053006529808044434e-01,5.114275217056274414e-01
-9.818130731582641602e-01,6.370118856430053711e-01,-4.190090894699096680e-01
-1.364680767059326172e+00,1.341611266136169434e+00,2.441151618957519531e+00
1.374314785003662109e+00,3.053144514560699463e-01,5.114105343818664551e-01
-3.187356472015380859e+00,1.650523781776428223e+00,-1.260515809059143066e+00
8.853043913841247559e-01,-1.661710381507873535e+00,1.128246426582336426e+00
-9.818123579025268555e-01,6.370130777359008789e-01,-4.190079271793365479e-01
2.619861960411071777e-01,-1.641147851943969727e+00,-9.776284098625183105e-01
-1.442034959793090820e+00,9.931285679340362549e-02,-6.677702069282531738e-01
-9.818136692047119141e-01,6.370144486427307129e-01,-4.190043210983276367e-01
7.555165290832519531e-01,9.535385370254516602e-01,1.410304069519042969e+00
2.504699230194091797e+00,-1.437380015850067139e-01,-4.030618667602539062e+00
2.089249372482299805e+00,-7.768630236387252808e-02,-1.098438262939453125e+00
-1.364681243896484375e+00,1.341612100601196289e+00,2.441152095794677734e+00
8.852491378784179688e-01,-1.661702394485473633e+00,1.128303766250610352e+00
1.282693386077880859e+00,3.428276777267456055e-01,-8.057975023984909058e-02
-1.005061388015747070e+00,-6.256958246231079102e-01,4.439247846603393555e-01
7.186456322669982910e-01,2.132627367973327637e-01,1.121085062623023987e-01
-9.818216562271118164e-01,6.370106339454650879e-01,-4.190170466899871826e-01
-9.818135499954223633e-01,6.369828581809997559e-01,-4.189828634262084961e-01
7.186466455459594727e-01,2.132626771926879883e-01,1.121079996228218079e-01
-9.818142652511596680e-01,6.370090246200561523e-01,-4.190091788768768311e-01
-2.112293958663940430e+00,-3.563132882118225098e-01,2.435679197311401367e+00
7.555246353149414062e-01,9.535292387008666992e-01,1.410316586494445801e+00
1.699402630329132080e-01,-8.904209136962890625e-01,-6.343569755554199219e-01
-9.818173050880432129e-01,6.367586851119995117e-01,-4.190441370010375977e-01
-1.869355142116546631e-01,-8.516478538513183594e-01,-3.664842605590820312e+00
1.410584747791290283e-01,-7.345272898674011230e-01,-1.221871525049209595e-01
-9.818104505538940430e-01,6.370134353637695312e-01,-4.190083444118499756e-01
-9.818124175071716309e-01,6.370124220848083496e-01,-4.190054833889007568e-01
1.355534434318542480e+00,3.127683877944946289e+00,-2.145346641540527344e+00
8.852335214614868164e-01,-1.661704659461975098e+00,1.128299355506896973e+00
-9.818235635757446289e-01,6.370127797126770020e-01,-4.190129339694976807e-01
8.852654695510864258e-01,-1.661696434020996094e+00,1.128287076950073242e+00
-9.818111062049865723e-01,6.370151638984680176e-01,-4.190064072608947754e-01
-1.364682316780090332e+00,1.341613054275512695e+00,2.441150188446044922e+00
-9.818260669708251953e-01,6.370221972465515137e-01,-4.190242886543273926e-01
-9.818207621574401855e-01,6.369531154632568359e-01,-4.190173447132110596e-01
8.852108716964721680e-01,-1.661686182022094727e+00,1.128321528434753418e+00
2.581405937671661377e-01,-1.185401320457458496e+00,-7.630471587181091309e-01
-9.818130135536193848e-01,6.370142102241516113e-01,-4.190072715282440186e-01
1.374319434165954590e+00,3.052949607372283936e-01,5.114285349845886230e-01
8.830197453498840332e-01,1.421178817749023438e+00,1.110162615776062012e+00
1.282716274261474609e+00,3.428157866001129150e-01,-8.058607578277587891e-02
1.374307870864868164e+00,3.053141832351684570e-01,5.113981366157531738e-01
-9.818314909934997559e-01,6.369693875312805176e-01,-4.189581274986267090e-01
8.852614760398864746e-01,-1.661712765693664551e+00,1.128262639045715332e+00
7.186467051506042480e-01,2.132624834775924683e-01,1.121076494455337524e-01
-1.442033648490905762e+00,9.931487590074539185e-02,-6.677681207656860352e-01
1.374308109283447266e+00,3.053128421306610107e-01,5.114164948463439941e-01
-9.818046092987060547e-01,6.369843482971191406e-01,-4.189971685409545898e-01
8.852853178977966309e-01,-1.661717772483825684e+00,1.128257155418395996e+00
-1.364680290222167969e+00,1.341611146926879883e+00,2.441152572631835938e+00
-3.187349081039428711e+00,1.650529861450195312e+00,-1.260509133338928223e+00
-9.818175435066223145e-01,6.370242834091186523e-01,-4.190112650394439697e-01
6.652023196220397949e-01,1.676145434379577637e+00,-1.735709309577941895e+00
1.374303460121154785e+00,3.053160905838012695e-01,5.114066004753112793e-01
-9.818125963211059570e-01,6.370115876197814941e-01,-4.190111160278320312e-01
8.830201029777526855e-01,1.421178340911865234e+00,1.110163331031799316e+00
1.374327540397644043e+00,3.052979111671447754e-01,5.114287734031677246e-01
8.852359652519226074e-01,-1.661693811416625977e+00,1.128299951553344727e+00
7.930482029914855957e-01,9.678350389003753662e-02,5.245465636253356934e-01
-9.818113446235656738e-01,6.370155811309814453e-01,-4.190081954002380371e-01
8.852607607841491699e-01,-1.661684513092041016e+00,1.128277420997619629e+00
4.962362051010131836e-01,-1.039269089698791504e+00,-1.604750603437423706e-01
8.852673172950744629e-01,-1.661721706390380859e+00,1.128288149833679199e+00
-1.271846704185009003e-02,-2.465458661317825317e-01,-1.578168392181396484e+00
4.198904931545257568e-01,-9.724585413932800293e-01,-7.219139933586120605e-01
7.930473685264587402e-01,9.678446501493453979e-02,5.245460867881774902e-01
2.619869112968444824e-01,-1.641147851943969727e+00,-9.776284098625183105e-01
-1.442043066024780273e+00,9.930510818958282471e-02,-6.677780747413635254e-01
1.282729625701904297e+00,3.428127169609069824e-01,-8.056675642728805542e-02
-9.818222522735595703e-01,6.370137333869934082e-01,-4.190155863761901855e-01
-9.818209409713745117e-01,6.369956731796264648e-01,-4.190185666084289551e-01
2.089235544204711914e+00,-7.768758386373519897e-02,-1.098435521125793457e+00
7.555260658264160156e-01,9.535310864448547363e-01,1.410304784774780273e+00
2.754210948944091797e+00,-2.474758863449096680e+00,-1.401860356330871582e+00
-9.818155169486999512e-01,6.369833350181579590e-01,-4.189782738685607910e-01
1.374326825141906738e+00,3.053018748760223389e-01,5.114231109619140625e-01
8.852050304412841797e-01,-1.661696195602416992e+00,1.128315329551696777e+00
5.951898097991943359e-01,-2.037199020385742188e+00,4.897458255290985107e-01
-1.442033171653747559e+00,9.931522607803344727e-02,-6.677675843238830566e-01
1.282759189605712891e+00,3.428067862987518311e-01,-8.056730777025222778e-02
5.381533503532409668e-01,-8.288956880569458008e-01,-5.548609495162963867e-01
-2.124925851821899414e-01,-8.914241194725036621e-01,-6.003371626138687134e-02
-9.818097949028015137e-01,6.370129585266113281e-01,-4.190070331096649170e-01
-1.005060791969299316e+00,-6.256973147392272949e-01,4.439257085323333740e-01
1.744359284639358521e-01,-1.900763273239135742e+00,7.472355365753173828e-01
2.754214048385620117e+00,-2.474757432937622070e+00,-1.401859760284423828e+00
5.381526947021484375e-01,-8.288952112197875977e-01,-5.548613667488098145e-01
6.998554468154907227e-01,-1.057302951812744141e+00,-1.003988385200500488e+00
5.381527543067932129e-01,-8.288953304290771484e-01,-5.548611283302307129e-01
-9.818106889724731445e-01,6.370163559913635254e-01,-4.190075695514678955e-01
1.410583406686782837e-01,-7.345272302627563477e-01,-1.221873313188552856e-01
-9.818382859230041504e-01,6.369705796241760254e-01,-4.189280569553375244e-01
8.852633237838745117e-01,-1.661700844764709473e+00,1.128274917602539062e+00
8.852951526641845703e-01,-1.661713957786560059e+00,1.128252744674682617e+00
-3.913144767284393311e-01,-1.467080831527709961e+00,-7.750136852264404297e-01
-9.818111658096313477e-01,6.370113492012023926e-01,-4.190083444118499756e-01
-3.187344789505004883e+00,1.650534272193908691e+00,-1.260504007339477539e+00
1.355533123016357422e+00,3.127683639526367188e+00,-2.145345926284790039e+00
-9.818112254142761230e-01,6.370147466659545898e-01,-4.190070033073425293e-01
5.381528735160827637e-01,-8.288952112197875977e-01,-5.548612475395202637e-01
8.852854967117309570e-01,-1.661708712577819824e+00,1.128259181976318359e+00
-5.502130031585693359e+00,1.203634858131408691e+00,4.115671634674072266e+00
1.282732844352722168e+00,3.427841961383819580e-01,-8.056665956974029541e-02
-9.818156361579895020e-01,6.370100378990173340e-01,-4.190080761909484863e-01
3.471779227256774902e-01,-1.116616487503051758e+00,-7.185006737709045410e-01
4.614295959472656250e-01,-1.527738928794860840e+00,1.316927075386047363e+00
7.186465859413146973e-01,2.132625579833984375e-01,1.121078878641128540e-01
-1.364680767059326172e+00,1.341611862182617188e+00,2.441151857376098633e+00
8.851361274719238281e-01,-1.661666154861450195e+00,1.128377556800842285e+00
-1.442027211189270020e+00,9.932174533605575562e-02,-6.677608489990234375e-01
1.282746672630310059e+00,3.428024351596832275e-01,-8.054824173450469971e-02
8.852518796920776367e-01,-1.661700725555419922e+00,1.128285884857177734e+00
-9.818162918090820312e-01,6.370184421539306641e-01,-4.190242588520050049e-01
2.089241266250610352e+00,-7.769080996513366699e-02,-1.098438620567321777e+00
2.089231014251708984e+00,-7.768715918064117432e-02,-1.098437190055847168e+00
-9.818233251571655273e-01,6.370145082473754883e-01,-4.190146327018737793e-01
1.282789826393127441e+00,3.427363038063049316e-01,-8.054571598768234253e-02
-6.107544898986816406e-01,-2.896496772766113281e+00,-1.518064618110656738e+00
8.852700591087341309e-01,-1.661700844764709473e+00,1.128251433372497559e+00
1.338118910789489746e-01,-3.953416347503662109e+00,1.035575389862060547e+00
-1.442015647888183594e+00,9.933051466941833496e-02,-6.677518486976623535e-01
7.186461687088012695e-01,2.132632881402969360e-01,1.121088042855262756e-01
8.852169513702392578e-01,-1.661693572998046875e+00,1.128320217132568359e+00
-9.818187952041625977e-01,6.369636654853820801e-01,-4.190180897712707520e-01
2.754216670989990234e+00,-2.474760293960571289e+00,-1.401860475540161133e+00
5.811227560043334961e-01,-1.174726843833923340e+00,-6.215728521347045898e-01
8.853039741516113281e-01,-1.661711692810058594e+00,1.128237605094909668e+00
4.582634866237640381e-01,-8.112796545028686523e-01,-5.569817423820495605e-01
5.811241865158081055e-01,-1.174727559089660645e+00,-6.215720176696777344e-01
-9.818278551101684570e-01,6.370308995246887207e-01,-4.190114140510559082e-01
-1.442032098770141602e+00,9.931551665067672729e-02,-6.677677035331726074e-01
-1.442018270492553711e+00,9.933093935251235962e-02,-6.677528023719787598e-01
-9.818254709243774414e-01,6.369380354881286621e-01,-4.190159440040588379e-01
-4.585601091384887695e-01,1.393927335739135742e+00,-3.256476402282714844e+00
8.853119015693664551e-01,-1.661701679229736328e+00,1.128254652023315430e+00
-2.206323295831680298e-01,-7.647561430931091309e-01,-3.067220449447631836e-01
1.282722115516662598e+00,3.427939713001251221e-01,-8.056078851222991943e-02
6.998547911643981934e-01,-1.057302951812744141e+00,-1.003988027572631836e+00
-9.003482013940811157e-02,-1.272021293640136719e+00,-6.962913274765014648e-01
1.355532884597778320e+00,3.127684831619262695e+00,-2.145345449447631836e+00
7.930482625961303711e-01,9.678352624177932739e-02,5.245457887649536133e-01
-9.818108081817626953e-01,6.370118260383605957e-01,-4.190070033073425293e-01
8.852260708808898926e-01,-1.661688685417175293e+00,1.128293395042419434e+00
3.128744661808013916e-01,-4.200786352157592773e-01,-1.597750067710876465e+00
7.186465859413146973e-01,2.132628709077835083e-01,1.121080741286277771e-01
7.555296421051025391e-01,9.535182714462280273e-01,1.410338401794433594e+00
2.089244604110717773e+00,-7.769778370857238770e-02,-1.098441839218139648e+00
8.830198645591735840e-01,1.421177268028259277e+00,1.110162973403930664e+00
7.186460494995117188e-01,2.132622748613357544e-01,1.121080890297889709e-01
-9.818114638328552246e-01,6.370119452476501465e-01,-4.190059900283813477e-01
7.930476665496826172e-01,9.678415209054946899e-02,5.245459675788879395e-01
1.282707333564758301e+00,3.428213298320770264e-01,-8.057958632707595825e-02
-9.818058013916015625e-01,6.369829177856445312e-01,-4.189974963665008545e-01
7.930471301078796387e-01,9.678462147712707520e-02,5.245465040206909180e-01
8.830199241638183594e-01,1.421178102493286133e+00,1.110162258148193359e+00
2.040704250335693359e+00,4.716488361358642578e+00,1.113273620605468750e+00
1.282718777656555176e+00,3.428032696247100830e-01,-8.056535571813583374e-02
-9.817972779273986816e-01,6.368750929832458496e-01,-4.190622866153717041e-01
-9.818391799926757812e-01,6.368979215621948242e-01,-4.190215766429901123e-01
8.851846456527709961e-01,-1.661681652069091797e+00,1.128351688385009766e+00
7.930470705032348633e-01,9.678409993648529053e-02,5.245475769042968750e-01
8.830189108848571777e-01,1.421178579330444336e+00,1.110161542892456055e+00
-9.818252325057983398e-01,6.369611620903015137e-01,-4.190054833889007568e-01
-9.818111658096313477e-01,6.370159387588500977e-01,-4.190076887607574463e-01
-9.818226099014282227e-01,6.370311379432678223e-01,-4.190210103988647461e-01
1.374289512634277344e+00,3.053249716758728027e-01,5.113973617553710938e-01
7.186459898948669434e-01,2.132633328437805176e-01,1.121083050966262817e-01
-9.818418622016906738e-01,6.370221972465515137e-01,-4.189922511577606201e-01
7.186462283134460449e-01,2.132632732391357422e-01,1.121086031198501587e-01
-9.818410277366638184e-01,6.369798183441162109e-01,-4.190195798873901367e-01
8.830199837684631348e-01,1.421177983283996582e+00,1.110162734985351562e+00
2.891910374164581299e-01,-1.394505053758621216e-01,-1.416706442832946777e+00
8.830188512802124023e-01,1.421179413795471191e+00,1.110161542892456055e+00
-9.818103909492492676e-01,6.369817852973937988e-01,-4.189895093441009521e-01
8.830184936523437500e-01,1.421179056167602539e+00,1.110161185264587402e+00
4.614282846450805664e-01,-1.527737617492675781e+00,1.316926002502441406e+00
8.830196857452392578e-01,1.421177506446838379e+00,1.110162377357482910e+00
-2.750771760940551758e+00,-1.068736910820007324e+00,-1.612930536270141602e+00
-3.938876390457153320e+00,4.691133975982666016e+00,-4.820601463317871094e+00
-3.593906760215759277e-01,-3.764461755752563477e+00,1.143886566162109375e+00
-9.818327426910400391e-01,6.370015144348144531e-01,-4.189757406711578369e-01
2.040703058242797852e+00,4.716488838195800781e+00,1.113272309303283691e+00
2.040702104568481445e+00,4.716490268707275391e+00,1.113271832466125488e+00
-9.818129539489746094e-01,6.370145082473754883e-01,-4.190078377723693848e-01
-9.818429946899414062e-01,6.370032429695129395e-01,-4.190270602703094482e-01
-9.818421006202697754e-01,6.369205117225646973e-01,-4.189980626106262207e-01
8.830191493034362793e-01,1.421178221702575684e+00,1.110162377357482910e+00
-9.818115830421447754e-01,6.370120644569396973e-01,-4.190076589584350586e-01
-9.818134903907775879e-01,6.370112299919128418e-01,-4.190070033073425293e-01
-3.187350511550903320e+00,1.650528788566589355e+00,-1.260510087013244629e+00
8.830192089080810547e-01,1.421178221702575684e+00,1.110161781311035156e+00
4.614290893077850342e-01,-1.527737975120544434e+00,1.316927313804626465e+00
-9.818097949028015137e-01,6.369774341583251953e-01,-4.189992845058441162e-01
-9.818125367164611816e-01,6.370146274566650391e-01,-4.190085232257843018e-01
-3.187347888946533203e+00,1.650530695915222168e+00,-1.260508537292480469e+00
6.998547315597534180e-01,-1.057303547859191895e+00,-1.003988504409790039e+00
-9.818177819252014160e-01,6.369839906692504883e-01,-4.189696907997131348e-01
1.568566203117370605e+00,-1.756076693534851074e+00,-1.513033866882324219e+00
7.186452150344848633e-01,2.132636606693267822e-01,1.121094748377799988e-01
8.830194473266601562e-01,1.421178936958312988e+00,1.110161900520324707e+00
7.176227569580078125e+00,-4.317334651947021484e+00,-2.625867128372192383e+00
8.830186724662780762e-01,1.421178221702575684e+00,1.110162138938903809e+00
8.830195069313049316e-01,1.421178579330444336e+00,1.110162258148193359e+00
-1.442020416259765625e+00,9.932748228311538696e-02,-6.677544116973876953e-01
-2.206322550773620605e-01,-7.647559046745300293e-01,-3.067218959331512451e-01
7.186470627784729004e-01,2.132626026868820190e-01,1.121077910065650940e-01
8.830187916755676270e-01,1.421178698539733887e+00,1.110161542892456055e+00
8.830186724662780762e-01,1.421178460121154785e+00,1.110160946846008301e+00
-9.818164706230163574e-01,6.370249390602111816e-01,-4.190129041671752930e-01
-3.187349319458007812e+00,1.650530576705932617e+00,-1.260507941246032715e+00
3.779183864593505859e+00,-2.395163774490356445e+00,-1.481513142585754395e+00
-9.818122386932373047e-01,6.370144486427307129e-01,-4.190047979354858398e-01
-9.818035364151000977e-01,6.369857788085937500e-01,-4.189987778663635254e-01
-9.818361997604370117e-01,6.369495987892150879e-01,-4.189779162406921387e-01
1.282705783843994141e+00,3.427936732769012451e-01,-8.057048171758651733e-02
2.766686379909515381e-01,-3.037283420562744141e-01,-1.072675585746765137e+00
-9.818138480186462402e-01,6.370069980621337891e-01,-4.190078675746917725e-01
-9.818217158317565918e-01,6.370065808296203613e-01,-4.189948737621307373e-01
7.186473011970520020e-01,2.132624685764312744e-01,1.121073663234710693e-01
-9.818121194839477539e-01,6.370138525962829590e-01,-4.190064966678619385e-01
-3.187335252761840820e+00,1.650541782379150391e+00,-1.260496735572814941e+00
1.282735586166381836e+00,3.428281247615814209e-01,-8.057510852813720703e-02
7.930477261543273926e-01,9.678470343351364136e-02,5.245447754859924316e-01
-9.818125367164611816e-01,6.370126605033874512e-01,-4.190066456794738770e-01
-4.687558114528656006e-02,-7.464276552200317383e-01,-5.771734938025474548e-02
-9.818117618560791016e-01,6.370110511779785156e-01,-4.190080165863037109e-01
2.089235544204711914e+00,-7.769142091274261475e-02,-1.098439216613769531e+00
7.176229953765869141e+00,-4.317336559295654297e+00,-2.625866174697875977e+00
4.614292085170745850e-01,-1.527739167213439941e+00,1.316926598548889160e+00
1.374294996261596680e+00,3.053087592124938965e-01,5.114091038703918457e-01
-3.187356233596801758e+00,1.650524973869323730e+00,-1.260513901710510254e+00
8.830192089080810547e-01,1.421178340911865234e+00,1.110162138938903809e+00
8.830185532569885254e-01,1.421178936958312988e+00,1.110161781311035156e+00
8.852469325065612793e-01,-1.661686301231384277e+00,1.128303289413452148e+00
-9.818338155746459961e-01,6.369187831878662109e-01,-4.190169572830200195e-01
-9.818111062049865723e-01,6.370123624801635742e-01,-4.190073609352111816e-01
7.930474281311035156e-01,9.678383916616439819e-02,5.245466828346252441e-01
7.186466455459594727e-01,2.132628709077835083e-01,1.121080964803695679e-01
-9.818296432495117188e-01,6.370258331298828125e-01,-4.190153777599334717e-01
1.282730102539062500e+00,3.428146839141845703e-01,-8.061422407627105713e-02
8.830195665359497070e-01,1.421177148818969727e+00,1.110162615776062012e+00
-9.818062186241149902e-01,6.369792819023132324e-01,-4.190008938312530518e-01
1.282741069793701172e+00,3.427839577198028564e-01,-8.057934045791625977e-02
-3.687934637069702148e+00,6.300855875015258789e-01,2.379970073699951172e+00
8.852584362030029297e-01,-1.661722540855407715e+00,1.128275990486145020e+00
8.852194547653198242e-01,-1.661699771881103516e+00,1.128299355506896973e+00
-9.818108677864074707e-01,6.370111703872680664e-01,-4.190068244934082031e-01
-9.818142652511596680e-01,6.370111703872680664e-01,-4.190063774585723877e-01
7.186472415924072266e-01,2.132624834775924683e-01,1.121074631810188293e-01
-9.818105101585388184e-01,6.370128393173217773e-01,-4.190073311328887939e-01
-4.585599005222320557e-01,1.393927931785583496e+00,-3.256476640701293945e+00
-9.818114638328552246e-01,6.370155811309814453e-01,-4.190078377723693848e-01
8.830193281173706055e-01,1.421178340911865234e+00,1.110162138938903809e+00
8.830187320709228516e-01,1.421179890632629395e+00,1.110161066055297852e+00
-9.818123579025268555e-01,6.370072364807128906e-01,-4.190158247947692871e-01
-2.112294912338256836e+00,-3.563116490840911865e-01,2.435679435729980469e+00
8.830187320709228516e-01,1.421179771423339844e+00,1.110161423683166504e+00
-9.818105697631835938e-01,6.370132565498352051e-01,-4.190075695514678955e-01
8.830191493034362793e-01,1.421178340911865234e+00,1.110162019729614258e+00
-9.818522334098815918e-01,6.367391347885131836e-01,-4.189658463001251221e-01
4.614308774471282959e-01,-1.527740001678466797e+00,1.316925644874572754e+00
4.614296257495880127e-01,-1.527739286422729492e+00,1.316926002502441406e+00
7.186454534530639648e-01,2.132635265588760376e-01,1.121090203523635864e-01
-9.818221926689147949e-01,6.369366049766540527e-01,-4.190115928649902344e-01
-9.818109273910522461e-01,6.369830369949340820e-01,-4.189865589141845703e-01
-1.008356809616088867e+00,-3.013026237487792969e+00,-1.235525488853454590e+00
-9.818124175071716309e-01,6.369727849960327148e-01,-4.190108776092529297e-01
-1.442027449607849121e+00,9.932013601064682007e-02,-6.677630543708801270e-01
8.830196261405944824e-01,1.421177268028259277e+00,1.110162973403930664e+00
1.374294042587280273e+00,3.053222000598907471e-01,5.114005804061889648e-01
3.002757310867309570e+00,-1.789941310882568359e+00,-1.660049915313720703e+00
4.614292979240417480e-01,-1.527738928794860840e+00,1.316928982734680176e+00
-9.818398952484130859e-01,6.370141506195068359e-01,-4.190062284469604492e-01
-1.442023038864135742e+00,9.932569414377212524e-02,-6.677561998367309570e-01
-9.818049669265747070e-01,6.369893550872802734e-01,-4.189973771572113037e-01
-1.442045331001281738e+00,9.930272400379180908e-02,-6.677808165550231934e-01
8.830189108848571777e-01,1.421178936958312988e+00,1.110162019729614258e+00
4.614298045635223389e-01,-1.527738928794860840e+00,1.316926360130310059e+00
-9.818228483200073242e-01,6.370313763618469238e-01,-4.190212488174438477e-01
1.374302506446838379e+00,3.053107857704162598e-01,5.114306211471557617e-01
-9.818216562271118164e-01,6.369960308074951172e-01,-4.190104901790618896e-01
1.355533242225646973e+00,3.127683639526367188e+00,-2.145345926284790039e+00
-9.818248748779296875e-01,6.370292305946350098e-01,-4.190196990966796875e-01
-9.818434715270996094e-01,6.370108127593994141e-01,-4.190177321434020996e-01
1.374299764633178711e+00,3.053205311298370361e-01,5.114120244979858398e-01
7.176231384277343750e+00,-4.317334651947021484e+00,-2.625866174697875977e+00
7.186468839645385742e-01,2.132623642683029175e-01,1.121079027652740479e-01
-9.818105101585388184e-01,6.370128989219665527e-01,-4.190074801445007324e-01
-9.818075895309448242e-01,6.369838714599609375e-01,-4.190052449703216553e-01
2.089235544204711914e+00,-7.769184559583663940e-02,-1.098437428474426270e+00
2.891910672187805176e-01,-1.394501924514770508e-01,-1.416706323623657227e+00
3.390226364135742188e-01,-8.979195356369018555e-01,-3.728631138801574707e-01
-9.818260669708251953e-01,6.369978785514831543e-01,-4.190122187137603760e-01
6.998547315597534180e-01,-1.057303547859191895e+00,-1.003988623619079590e+00
4.198905229568481445e-01,-9.724590182304382324e-01,-7.219142913818359375e-01
7.186462879180908203e-01,2.132631838321685791e-01,1.121086105704307556e-01
1.282730579376220703e+00,3.428028225898742676e-01,-8.055105805397033691e-02
8.830198645591735840e-01,1.421177744865417480e+00,1.110162496566772461e+00
-8.504100888967514038e-02,2.857092618942260742e-01,-1.702934741973876953e+00
-9.818076491355895996e-01,6.369795799255371094e-01,-4.190010428428649902e-01
-9.818143248558044434e-01,6.370120644569396973e-01,-4.190065562725067139e-01
7.186464071273803711e-01,2.132623493671417236e-01,1.121079549193382263e-01
1.406202316284179688e+00,-2.222134351730346680e+00,-3.242220163345336914e+00
2.089242696762084961e+00,-7.769671827554702759e-02,-1.098441004753112793e+00
-9.818048477172851562e-01,6.369823813438415527e-01,-4.190014600753784180e-01
2.891909778118133545e-01,-1.394501775503158569e-01,-1.416705965995788574e+00
8.830204010009765625e-01,1.421177983283996582e+00,1.110163331031799316e+00
7.930474281311035156e-01,9.678386151790618896e-02,5.245476961135864258e-01
-9.818122982978820801e-01,6.370081305503845215e-01,-4.190076291561126709e-01
-9.817533493041992188e-01,6.368189454078674316e-01,-4.190682470798492432e-01
2.406297624111175537e-01,-7.300277352333068848e-01,-3.486670255661010742e-01
-9.818187355995178223e-01,6.370006799697875977e-01,-4.190127849578857422e-01
-9.818129539489746094e-01,6.370163559913635254e-01,-4.190039038658142090e-01
8.830186128616333008e-01,1.421178698539733887e+00,1.110161066055297852e+00
-9.818052649497985840e-01,6.369833350181579590e-01,-4.190011024475097656e-01
-8.263280987739562988e-01,-1.102503180503845215e+00,-3.356710195541381836e+00
7.186462283134460449e-01,2.132632732391357422e-01,1.121082827448844910e-01
-9.818249344825744629e-01,6.370102763175964355e-01,-4.190093576908111572e-01
7.930483222007751465e-01,9.678363054990768433e-02,5.245450735092163086e-01
7.186468243598937988e-01,2.132622897624969482e-01,1.121077984571456909e-01
-9.818490743637084961e-01,6.370154619216918945e-01,-4.190047979354858398e-01
-4.048578441143035889e-03,1.447113752365112305e+00,-3.879977941513061523e+00
6.652019619941711426e-01,1.676145434379577637e+00,-1.735708832740783691e+00
7.186462879180908203e-01,2.132621705532073975e-01,1.121077686548233032e-01
7.930482625961303711e-01,9.678329527378082275e-02,5.245463252067565918e-01
-1.442044496536254883e+00,9.930494427680969238e-02,-6.677795052528381348e-01
2.089224815368652344e+00,-7.768920809030532837e-02,-1.098440885543823242e+00
-9.818325638771057129e-01,6.370304226875305176e-01,-4.190052747726440430e-01
7.930471897125244141e-01,9.678445756435394287e-02,5.245460867881774902e-01
1.948136240243911743e-01,-1.041886091232299805e+00,-3.668516874313354492e-01
-9.818459153175354004e-01,6.368366479873657227e-01,-4.188808500766754150e-01
2.089242935180664062e+00,-7.769428938627243042e-02,-1.098439097404479980e+00
7.930472493171691895e-01,9.678316116333007812e-02,5.245479941368103027e-01
3.313400983810424805e+00,5.011605262756347656e+00,3.356853008270263672e+00
-9.818116426467895508e-01,6.369820833206176758e-01,-4.189870655536651611e-01
1.374311089515686035e+00,3.053140342235565186e-01,5.114152431488037109e-01
1.282742619514465332e+00,3.427700102329254150e-01,-8.057043701410293579e-02
-9.818101525306701660e-01,6.370127797126770020e-01,-4.190075993537902832e-01
-3.187350511550903320e+00,1.650529146194458008e+00,-1.260509848594665527e+00
8.830181360244750977e-01,1.421180367469787598e+00,1.110160708427429199e+00
8.852683305740356445e-01,-1.661709189414978027e+00,1.128271460533142090e+00
-9.818142056465148926e-01,6.370167732238769531e-01,-4.190038144588470459e-01
-9.818118214607238770e-01,6.370155811309814453e-01,-4.190071523189544678e-01
5.381522178649902344e-01,-8.288947939872741699e-01,-5.548617243766784668e-01
2.089232206344604492e+00,-7.769380509853363037e-02,-1.098440051078796387e+00
-9.818410277366638184e-01,6.368937492370605469e-01,-4.189313948154449463e-01
7.554981112480163574e-01,9.535642862319946289e-01,1.410248279571533203e+00
-1.442030310630798340e+00,9.931691735982894897e-02,-6.677672863006591797e-01
-9.818112850189208984e-01,6.370119452476501465e-01,-4.190060794353485107e-01
-9.818117618560791016e-01,6.370136141777038574e-01,-4.190083444118499756e-01
-3.187350988388061523e+00,1.650529026985168457e+00,-1.260510563850402832e+00
